match_id,season,match_round,match_date,home_club_id,away_club_id,home_tier,away_tier,venue,total_capacity,is_derby,home_position,away_position,home_points,away_points,match_stakes_score,match_stakes_label,title_score,top4_score,relegation_score,euro_score,games_remaining,urgency,tv_slot,tv_slot_encoded,weather_severity_score,festive_fixture,european_midweek_fatigue,home_form_score,away_form_score,manager_new_bonus,star_power_index,away_distance_km,attribute_wtp_score,overall_fill_rate,excess_demand_ratio,total_tickets_sold,st_tickets_sold,booking_curve_archetype,velocity_T14,velocity_T7,result,home_goals,away_goals
ARS_SOU_2022-23,2022-23,1,2022-08-06,ARS,SOU,big_six,smaller_club,Emirates Stadium,60704,False,1,20,0,0,0.1,Standard,0.1,0.08000000000000002,0.065,0.0,38,0.1,Midweek Tue/Wed 20:00,2,0,False,False,0.5,0.5,False,4,251,0.6117045781425947,0.89,0.89,62221,53419,Flat/Slow,0.47,0.574,H,2,2
MCI_IPS_2022-23,2022-23,1,2022-08-06,MCI,IPS,big_six,smaller_club,Etihad Stadium,53400,False,2,19,0,0,0.1,Standard,0.1,0.08000000000000002,0.065,0.0,38,0.1,Saturday 15:00,1,0,False,False,0.5,0.5,False,4,356,0.875061272468045,0.855,0.855,52509,43788,Flat/Slow,0.47,0.574,H,0,0
LIV_BOU_2022-23,2022-23,1,2022-08-06,LIV,BOU,big_six,smaller_club,Anfield,61276,False,3,18,0,0,0.1,Standard,0.1,0.08000000000000002,0.065,0.0,38,0.1,Midweek Tue/Wed 20:00,2,1,False,False,0.5,0.5,False,4,86,0.7831055018389836,0.882,0.882,63197,55148,Flat/Slow,0.47,0.574,H,3,1
CHE_LEI_2022-23,2022-23,1,2022-08-06,CHE,LEI,big_six,smaller_club,Stamford Bridge,40834,False,4,17,0,0,0.1,Standard,0.1,0.08000000000000002,0.065,0.0,38,0.1,Midweek Tue/Wed 20:00,2,0,False,False,0.5,0.5,False,4,387,0.7512914309291949,0.845,0.845,39195,32667,Flat/Slow,0.47,0.574,H,1,0
TOT_NFO_2022-23,2022-23,1,2022-08-06,TOT,NFO,big_six,smaller_club,Tottenham Hotspur Stadium,62850,False,5,16,0,0,0.1,Standard,0.1,0.08000000000000002,0.065,0.0,38,0.1,Friday 20:00,2,1,False,False,0.5,0.5,False,4,364,0.6296968572733962,0.846,0.846,61873,52165,Flat/Slow,0.47,0.574,H,3,1
MUN_BRE_2022-23,2022-23,1,2022-08-06,MUN,BRE,big_six,smaller_club,Old Trafford,74310,False,6,15,0,0,0.1,Standard,0.1,0.08000000000000002,0.065,0.05500000000000001,38,0.1,Monday 20:00,2,0,False,False,0.5,0.5,False,4,448,0.7351827755212781,0.795,0.795,73245,63163,Flat/Slow,0.47,0.574,H,3,0
AVL_EVE_2022-23,2022-23,1,2022-08-06,AVL,EVE,established_mid,smaller_club,Villa Park,42682,False,7,14,0,0,0.1,Standard,0.1,0.0,0.065,0.05500000000000001,38,0.1,Monday 20:00,2,0,False,False,0.5,0.5,False,3,215,0.8408898882560565,0.646,0.646,37085,26462,Flat/Slow,0.47,0.574,H,0,1
NEW_CPL_2022-23,2022-23,1,2022-08-06,NEW,CPL,established_mid,established_mid,St. James Park,52305,False,8,13,0,0,0.1,Standard,0.1,0.0,0.0,0.05500000000000001,38,0.1,Monday 20:00,2,1,False,False,0.5,0.5,False,3,275,0.6223400799142145,0.833,0.833,49928,36613,Consistent Gradual,0.525,0.69,H,2,2
WHU_FUL_2022-23,2022-23,1,2022-08-06,WHU,FUL,established_mid,established_mid,London Stadium,62500,False,9,12,0,0,0.1,Standard,0.1,0.0,0.0,0.05500000000000001,38,0.1,Saturday 15:00,1,0,False,False,0.5,0.5,False,3,290,0.4199549215642287,0.756,0.756,56861,36250,Consistent Gradual,0.525,0.69,A,0,0
BHA_WOL_2022-23,2022-23,1,2022-08-06,BHA,WOL,established_mid,established_mid,Amex Stadium,31800,False,10,11,0,0,0.1,Standard,0.1,0.0,0.0,0.05500000000000001,38,0.1,Monday 20:00,2,0,False,False,0.5,0.5,False,3,69,0.8222421033836891,0.773,0.773,29057,20670,Consistent Gradual,0.525,0.69,H,0,0
IPS_ARS_2022-23,2022-23,2,2022-08-13,IPS,ARS,smaller_club,big_six,Portman Road,30000,False,16,5,0,3,0.12265179978184462,Standard,0.12265179978184462,0.09945945945945947,0.08081081081081082,0.0,37,0.12432432432432433,Sunday 16:30,3,1,False,False,0.35,0.6499999999999999,False,4,366,0.6854572863702577,0.82,0.82,27974,16500,Early Surge,0.839,0.937,A,2,2
BOU_SOU_2022-23,2022-23,2,2022-08-13,BOU,SOU,smaller_club,smaller_club,Vitality Stadium,11307,True,19,13,0,0,0.12097927523936494,Standard,0.12097927523936494,0.0,0.08081081081081082,0.0,37,0.12432432432432433,Sunday 14:00,2,0,False,False,0.35,0.35,False,0,447,0.882746064323024,0.776,0.776,9994,5653,Flat/Slow,0.47,0.574,D,3,3
LEI_MCI_2022-23,2022-23,2,2022-08-13,LEI,MCI,smaller_club,big_six,King Power Stadium,32261,False,17,7,0,3,0.12265179978184462,Standard,0.12265179978184462,0.0,0.08081081081081082,0.06837837837837839,37,0.12432432432432433,Sunday 16:30,3,1,False,False,0.35,0.6499999999999999,False,5,373,0.8007446486406822,0.953,0.953,31918,19356,Early Surge,0.839,0.937,D,0,0
NFO_LIV_2022-23,2022-23,2,2022-08-13,NFO,LIV,smaller_club,big_six,City Ground,30445,False,18,2,0,3,0.12265179978184462,Standard,0.12265179978184462,0.09945945945945947,0.08081081081081082,0.0,37,0.12432432432432433,Saturday 15:00,1,1,False,False,0.35,0.6499999999999999,False,5,140,0.40396408801540357,0.857,0.857,28536,17658,Early Surge,0.839,0.937,A,1,0
BRE_CHE_2022-23,2022-23,2,2022-08-13,BRE,CHE,smaller_club,big_six,Gtech Community Stadium,17250,False,20,4,0,3,0.12265179978184462,Standard,0.12265179978184462,0.09945945945945947,0.08081081081081082,0.0,37,0.12432432432432433,Saturday 15:00,1,1,False,False,0.35,0.6499999999999999,False,4,41,0.6984141855830951,0.833,0.833,15645,9487,Early Surge,0.839,0.937,A,0,3
EVE_TOT_2022-23,2022-23,2,2022-08-13,EVE,TOT,smaller_club,big_six,Goodison Park,39414,False,11,3,0,3,0.12265179978184462,Standard,0.12265179978184462,0.09945945945945947,0.0,0.0,37,0.12432432432432433,Saturday 17:30,3,1,False,False,0.35,0.6499999999999999,False,4,17,0.6318041040825086,0.937,0.937,39783,25619,Early Surge,0.839,0.937,A,0,4
CPL_MUN_2022-23,2022-23,2,2022-08-13,CPL,MUN,established_mid,big_six,Selhurst Park,25486,False,12,1,0,3,0.12265179978184462,Standard,0.12265179978184462,0.09945945945945947,0.0,0.0,37,0.12432432432432433,Saturday 15:00,1,0,False,False,0.35,0.6499999999999999,False,4,57,0.5300623204812213,0.9,0.9,24851,15291,Early Surge,0.839,0.937,A,0,3
FUL_AVL_2022-23,2022-23,2,2022-08-13,FUL,AVL,established_mid,established_mid,Craven Cottage,29600,False,9,10,3,3,0.12432432432432433,Standard,0.12432432432432433,0.0,0.0,0.06837837837837839,37,0.12432432432432433,Saturday 15:00,1,0,False,False,0.6499999999999999,0.6499999999999999,False,3,168,0.6646007719737295,0.735,0.735,26320,16280,Consistent Gradual,0.525,0.69,H,0,2
WOL_NEW_2022-23,2022-23,2,2022-08-13,WOL,NEW,established_mid,established_mid,Molineux,32050,False,15,6,0,3,0.12265179978184462,Standard,0.12265179978184462,0.09945945945945947,0.08081081081081082,0.06837837837837839,37,0.12432432432432433,Saturday 17:30,3,0,False,False,0.35,0.6499999999999999,False,3,351,0.8395519267746387,0.793,0.793,29124,19230,Consistent Gradual,0.525,0.69,D,3,3
BHA_WHU_2022-23,2022-23,2,2022-08-13,BHA,WHU,established_mid,established_mid,Amex Stadium,31800,False,8,14,3,0,0.12265179978184462,Standard,0.12265179978184462,0.0,0.08081081081081082,0.06837837837837839,37,0.12432432432432433,Saturday 12:30,4,1,False,False,0.6499999999999999,0.35,False,4,40,0.5722305819563668,0.906,0.906,30682,20670,Consistent Gradual,0.525,0.69,H,2,2
ARS_BOU_2022-23,2022-23,3,2022-08-20,ARS,BOU,big_six,smaller_club,Emirates Stadium,60704,False,5,14,6,1,0.1452235645784033,Standard,0.1452235645784033,0.11891891891891893,0.09573518472601042,0.0,36,0.14864864864864866,Monday 20:00,2,0,False,True,0.7549999999999999,0.39499999999999996,False,4,257,0.4230236764224691,0.843,0.843,61717,53419,Flat/Slow,0.47,0.574,H,0,1
IPS_LEI_2022-23,2022-23,3,2022-08-20,IPS,LEI,smaller_club,smaller_club,Portman Road,30000,False,16,13,0,1,0.14111346369410888,Standard,0.14111346369410888,0.0,0.09662162162162163,0.0,36,0.14864864864864866,Saturday 17:30,3,0,False,False,0.24499999999999997,0.39499999999999996,False,1,218,0.4597277491431845,0.569,0.569,24910,16500,Flat/Slow,0.47,0.574,H,4,0
SOU_NFO_2022-23,2022-23,3,2022-08-20,SOU,NFO,smaller_club,smaller_club,St. Mary's Stadium,32384,False,11,17,1,0,0.14111346369410888,Standard,0.14111346369410888,0.0,0.09662162162162163,0.0,36,0.14864864864864866,Saturday 15:00,1,1,False,False,0.39499999999999996,0.24499999999999997,False,1,286,0.6518705148481755,0.529,0.529,26200,17811,Flat/Slow,0.47,0.574,H,1,2
MCI_BRE_2022-23,2022-23,3,2022-08-20,MCI,BRE,big_six,smaller_club,Etihad Stadium,53400,False,9,20,4,0,0.1431685141362561,Standard,0.1431685141362561,0.0,0.09662162162162163,0.08025663277956857,36,0.14864864864864866,Saturday 15:00,1,1,False,True,0.6049999999999999,0.24499999999999997,False,5,5,0.8081354505761495,0.88,0.88,52802,43788,Flat/Slow,0.47,0.574,H,1,0
LIV_EVE_2022-23,2022-23,3,2022-08-20,LIV,EVE,big_six,smaller_club,Anfield,61276,True,4,19,6,0,0.14453854776435424,Standard,0.14453854776435424,0.11891891891891893,0.09662162162162163,0.0,36,0.14864864864864866,Saturday 15:00,1,1,False,False,0.7549999999999999,0.24499999999999997,False,5,267,0.812550096911773,1.0,1.1,64337,55148,Immediate Sellout,1.0,1.0,H,0,2
CHE_CPL_2022-23,2022-23,3,2022-08-20,CHE,CPL,big_six,established_mid,Stamford Bridge,40834,False,3,18,6,0,0.14453854776435424,Standard,0.14453854776435424,0.11891891891891893,0.09662162162162163,0.0,36,0.14864864864864866,Saturday 15:00,1,0,False,False,0.7549999999999999,0.24499999999999997,False,4,388,0.8057296559692925,0.966,0.966,40179,32667,Consistent Gradual,0.525,0.69,H,2,1
TOT_FUL_2022-23,2022-23,3,2022-08-20,TOT,FUL,big_six,established_mid,Tottenham Hotspur Stadium,62850,False,1,7,6,6,0.14864864864864866,Standard,0.14864864864864866,0.11891891891891893,0.0,0.08175675675675677,36,0.14864864864864866,Sunday 16:30,3,1,False,False,0.7549999999999999,0.7549999999999999,False,4,56,0.5908058053455462,1.0,1.045,63474,52165,Consistent Gradual,0.525,0.69,D,2,2
MUN_WOL_2022-23,2022-23,3,2022-08-20,MUN,WOL,big_six,established_mid,Old Trafford,74310,False,2,12,6,1,0.1452235645784033,Standard,0.1452235645784033,0.11891891891891893,0.0,0.0,36,0.14864864864864866,Saturday 17:30,3,1,False,False,0.7549999999999999,0.39499999999999996,False,4,156,0.4338657705380999,1.0,1.008,75793,63163,Consistent Gradual,0.525,0.69,H,2,0
AVL_BHA_2022-23,2022-23,3,2022-08-20,AVL,BHA,established_mid,established_mid,Villa Park,42682,False,10,6,3,6,0.14659359820650145,Standard,0.14659359820650145,0.11891891891891893,0.0,0.08175675675675677,36,0.14864864864864866,Saturday 15:00,1,0,False,False,0.4549999999999999,0.7549999999999999,False,4,173,0.7994516107857765,0.819,0.819,40314,26462,Consistent Gradual,0.525,0.69,H,3,0
NEW_WHU_2022-23,2022-23,3,2022-08-20,NEW,WHU,established_mid,established_mid,St. James Park,52305,False,8,15,4,0,0.1431685141362561,Standard,0.1431685141362561,0.0,0.09662162162162163,0.08025663277956857,36,0.14864864864864866,Midweek Tue/Wed 20:00,2,1,False,False,0.6049999999999999,0.24499999999999997,False,4,433,0.4863340763475929,0.924,0.924,51771,36613,Consistent Gradual,0.525,0.69,D,1,1
LEI_ARS_2022-23,2022-23,4,2022-08-27,LEI,ARS,smaller_club,big_six,King Power Stadium,32261,False,16,3,1,9,0.16641475598821573,Standard,0.16641475598821573,0.13837837837837838,0.11137174910759817,0.0,35,0.17297297297297298,Sunday 14:00,2,0,False,False,0.27649999999999997,0.8284999999999998,False,5,351,0.5629870345350996,0.918,0.918,31574,19356,Early Surge,0.839,0.937,D,0,0
NFO_BOU_2022-23,2022-23,4,2022-08-27,NFO,BOU,smaller_club,smaller_club,City Ground,30445,False,17,14,0,1,0.15903676188036378,Standard,0.15903676188036378,0.0,0.14633021647239655,0.0,35,0.17297297297297298,Monday 20:00,2,1,False,False,0.17149999999999996,0.27649999999999997,False,1,303,0.654996859360359,0.568,0.568,25365,17658,Flat/Slow,0.47,0.574,H,2,1
BRE_IPS_2022-23,2022-23,4,2022-08-27,BRE,IPS,smaller_club,smaller_club,Gtech Community Stadium,17250,False,20,12,0,3,0.16067631612655311,Standard,0.16067631612655311,0.0,0.11243243243243244,0.0,35,0.17297297297297298,Sunday 16:30,3,0,False,False,0.17149999999999996,0.4714999999999999,False,1,301,0.8820159637805987,0.661,0.661,14578,9487,Flat/Slow,0.47,0.574,H,0,2
EVE_SOU_2022-23,2022-23,4,2022-08-27,EVE,SOU,smaller_club,smaller_club,Goodison Park,39414,False,18,11,0,4,0.16149609324964775,Standard,0.16149609324964775,0.0,0.11243243243243244,0.0,35,0.17297297297297298,Saturday 12:30,4,0,False,False,0.17149999999999996,0.5765,False,1,74,0.6224877894909536,0.743,0.743,36219,25619,Flat/Slow,0.47,0.574,A,1,3
CPL_MCI_2022-23,2022-23,4,2022-08-27,CPL,MCI,established_mid,big_six,Selhurst Park,25486,False,19,6,0,7,0.16395542461893173,Standard,0.16395542461893173,0.13576746557878636,0.11243243243243244,0.09513513513513515,35,0.17297297297297298,Saturday 12:30,4,0,False,False,0.17149999999999996,0.7234999999999998,False,5,200,0.43535745422867395,0.99,0.99,25594,15291,Early Surge,0.839,0.937,D,3,3
FUL_LIV_2022-23,2022-23,4,2022-08-27,FUL,LIV,established_mid,big_six,Craven Cottage,29600,False,7,4,7,9,0.17133341872678368,Standard,0.17133341872678368,0.13837837837837838,0.0,0.09513513513513515,35,0.17297297297297298,Midweek Tue/Wed 20:00,2,1,False,False,0.6784999999999999,0.8284999999999998,False,5,149,0.4515541768945281,0.875,0.875,28041,16280,Early Surge,0.839,0.937,H,4,1
WOL_CHE_2022-23,2022-23,4,2022-08-27,WOL,CHE,established_mid,big_six,Molineux,32050,False,15,2,1,9,0.16641475598821573,Standard,0.16641475598821573,0.13837837837837838,0.11137174910759817,0.0,35,0.17297297297297298,Sunday 14:00,2,0,False,False,0.27649999999999997,0.8284999999999998,False,4,11,0.5416611448635238,0.944,0.944,31653,19230,Early Surge,0.839,0.937,D,0,0
BHA_TOT_2022-23,2022-23,4,2022-08-27,BHA,TOT,established_mid,big_six,Amex Stadium,31800,False,9,5,6,7,0.16887408735749967,Standard,0.16887408735749967,0.13576746557878636,0.0,0.09513513513513515,35,0.17297297297297298,Saturday 12:30,4,1,False,False,0.5284999999999999,0.6784999999999999,False,5,72,0.46121860936193476,1.0,1.078,31480,20670,Early Surge,0.839,0.937,D,0,0
WHU_MUN_2022-23,2022-23,4,2022-08-27,WHU,MUN,established_mid,big_six,London Stadium,62500,False,13,1,1,9,0.16641475598821573,Standard,0.16641475598821573,0.13837837837837838,0.0,0.0,35,0.17297297297297298,Saturday 15:00,1,1,False,True,0.32149999999999995,0.8284999999999998,False,5,387,0.6102625736876915,0.82,0.82,58937,36250,Early Surge,0.839,0.937,A,0,2
NEW_AVL_2022-23,2022-23,4,2022-08-27,NEW,AVL,established_mid,established_mid,St. James Park,52305,False,10,8,5,6,0.16723453311131037,Standard,0.16723453311131037,0.0,0.0,0.09423763386027538,35,0.17297297297297298,Sunday 14:00,2,1,False,False,0.5734999999999999,0.6184999999999998,False,4,202,0.8494031794550627,0.924,0.924,51289,36613,Consistent Gradual,0.525,0.69,H,0,2
ARS_NFO_2022-23,2022-23,5,2022-09-03,ARS,NFO,big_six,smaller_club,Emirates Stadium,60704,False,4,13,10,3,0.18671061305207648,Standard,0.18671061305207648,0.15783783783783786,0.0,0.0,34,0.1972972972972973,Saturday 15:00,1,0,False,False,0.7299499999999999,0.4200499999999999,False,5,325,0.6020131591375151,0.873,0.873,61953,53419,Flat/Slow,0.47,0.574,H,3,1
LEI_BRE_2022-23,2022-23,5,2022-09-03,LEI,BRE,smaller_club,smaller_club,King Power Stadium,32261,False,16,14,2,3,0.17901120632827952,Standard,0.17901120632827952,0.0,0.16524851680949243,0.0,34,0.1972972972972973,Saturday 12:30,4,0,False,False,0.34354999999999997,0.4200499999999999,False,2,77,0.6603056401228897,0.713,0.713,29044,19356,Flat/Slow,0.47,0.574,A,0,4
BOU_EVE_2022-23,2022-23,5,2022-09-03,BOU,EVE,smaller_club,smaller_club,Vitality Stadium,11307,False,17,20,1,0,0.17516150296638103,Standard,0.17516150296638103,0.0,0.16688464073829928,0.0,34,0.1972972972972973,Saturday 12:30,4,0,False,False,0.19354999999999997,0.12004999999999996,False,1,446,0.8083768961778339,0.644,0.644,9024,5653,Flat/Slow,0.47,0.574,A,2,4
IPS_CPL_2022-23,2022-23,5,2022-09-03,IPS,CPL,smaller_club,established_mid,Portman Road,30000,False,12,19,3,1,0.1780487804878049,Standard,0.1780487804878049,0.0,0.12824324324324327,0.0,34,0.1972972972972973,Saturday 15:00,1,1,False,False,0.3300499999999999,0.27004999999999996,False,1,147,0.732040279798874,0.638,0.638,25752,16500,Consistent Gradual,0.525,0.69,A,0,1
SOU_FUL_2022-23,2022-23,5,2022-09-03,SOU,FUL,smaller_club,established_mid,St. Mary's Stadium,32384,False,9,3,7,10,0.19056031641397495,Standard,0.19056031641397495,0.15783783783783786,0.0,0.10851351351351353,34,0.1972972972972973,Saturday 17:30,3,1,False,False,0.7035499999999999,0.7749499999999998,False,1,306,0.8578167612938536,0.63,0.63,27541,17811,Consistent Gradual,0.525,0.69,A,1,2
MCI_WOL_2022-23,2022-23,5,2022-09-03,MCI,WOL,big_six,established_mid,Etihad Stadium,53400,False,7,15,8,2,0.1838233355306526,Standard,0.1838233355306526,0.0,0.12699816321175544,0.10851351351351353,34,0.1972972972972973,Saturday 15:00,1,0,False,True,0.6564499999999999,0.34354999999999997,False,5,383,0.4345308392897444,1.0,1.047,53933,43788,Consistent Gradual,0.525,0.69,H,0,2
LIV_BHA_2022-23,2022-23,5,2022-09-03,LIV,BHA,big_six,established_mid,Anfield,61276,False,5,10,9,7,0.18959789057350032,Standard,0.18959789057350032,0.15630543164523747,0.0,0.10851351351351353,34,0.1972972972972973,Midweek Tue/Wed 20:00,2,1,False,False,0.5799499999999999,0.5199499999999999,False,6,70,0.7338077713290805,1.0,1.029,64337,55148,Consistent Gradual,0.525,0.69,H,3,2
CHE_WHU_2022-23,2022-23,5,2022-09-03,CHE,WHU,big_six,established_mid,Stamford Bridge,40834,False,2,18,10,1,0.18478576137112723,Standard,0.18478576137112723,0.15783783783783786,0.12824324324324327,0.0,34,0.1972972972972973,Saturday 15:00,1,1,False,False,0.7299499999999999,0.22504999999999994,False,5,196,0.6970502086615096,0.947,0.947,40051,32667,Consistent Gradual,0.525,0.69,H,4,1
TOT_NEW_2022-23,2022-23,5,2022-09-03,TOT,NEW,big_six,established_mid,Tottenham Hotspur Stadium,62850,False,6,8,8,8,0.18959789057350032,Standard,0.18959789057350032,0.15477302545263713,0.0,0.10851351351351353,34,0.1972972972972973,Sunday 14:00,2,1,False,False,0.6249499999999999,0.7014499999999999,False,5,57,0.46280556765167313,0.987,0.987,63458,52165,Consistent Gradual,0.525,0.69,H,3,2
MUN_AVL_2022-23,2022-23,5,2022-09-03,MUN,AVL,big_six,established_mid,Old Trafford,74310,False,1,11,12,6,0.19152274225444957,Standard,0.19152274225444957,0.15783783783783786,0.0,0.0,34,0.1972972972972973,Saturday 15:00,1,0,False,False,0.8799499999999998,0.43294999999999983,False,5,181,0.5909241176073561,1.0,1.008,75791,63163,Consistent Gradual,0.525,0.69,D,3,3
BRE_ARS_2022-23,2022-23,6,2022-09-10,BRE,ARS,smaller_club,big_six,Gtech Community Stadium,17250,False,12,4,6,13,0.21382588618769524,Standard,0.21382588618769524,0.17729729729729732,0.0,0.0,33,0.22162162162162163,Saturday 15:00,1,1,False,False,0.5940349999999999,0.8109649999999999,False,5,407,0.7222547211159271,0.833,0.833,15628,9487,Early Surge,0.839,0.937,A,2,1
EVE_NFO_2022-23,2022-23,6,2022-09-10,EVE,NFO,smaller_club,smaller_club,Goodison Park,39414,False,15,16,3,3,0.1993480918104034,Standard,0.1993480918104034,0.0,0.18648512834442482,0.0,33,0.22162162162162163,Midweek Tue/Wed 20:00,2,1,False,False,0.38403499999999996,0.29403499999999994,False,2,11,0.6483728734997474,0.675,0.675,35112,25619,Flat/Slow,0.47,0.574,A,2,4
CPL_LEI_2022-23,2022-23,6,2022-09-10,CPL,LEI,established_mid,smaller_club,Selhurst Park,25486,False,13,18,4,2,0.1993480918104034,Standard,0.1993480918104034,0.0,0.14405405405405405,0.0,33,0.22162162162162163,Saturday 15:00,1,1,False,False,0.48903499999999994,0.24048499999999995,False,2,243,0.4757820685947346,0.635,0.635,21904,15291,Flat/Slow,0.47,0.574,D,1,1
FUL_BOU_2022-23,2022-23,6,2022-09-10,FUL,BOU,established_mid,smaller_club,Craven Cottage,29600,False,3,19,13,1,0.20825750373489066,Standard,0.20825750373489066,0.17729729729729732,0.14261351351351353,0.0,33,0.22162162162162163,Saturday 15:00,1,0,False,False,0.8424649999999998,0.13548499999999997,False,1,305,0.49979276621218044,0.63,0.63,24883,16280,Flat/Slow,0.47,0.574,H,2,2
WOL_IPS_2022-23,2022-23,6,2022-09-10,WOL,IPS,established_mid,smaller_club,Molineux,32050,False,17,14,2,3,0.19823441531984246,Standard,0.19823441531984246,0.0,0.1874317533614016,0.0,33,0.22162162162162163,Saturday 12:30,4,0,False,False,0.24048499999999995,0.2310349999999999,False,1,343,0.8714019818074952,0.733,0.733,28740,19230,Flat/Slow,0.47,0.574,H,3,0
BHA_SOU_2022-23,2022-23,6,2022-09-10,BHA,SOU,established_mid,smaller_club,Amex Stadium,31800,False,11,10,7,7,0.20825750373489066,Standard,0.20825750373489066,0.0,0.0,0.11701621621621623,33,0.22162162162162163,Saturday 15:00,1,1,False,False,0.3639649999999999,0.4924849999999999,False,2,163,0.489430103616604,0.706,0.706,28357,20670,Flat/Slow,0.47,0.574,H,1,0
WHU_MCI_2022-23,2022-23,6,2022-09-10,WHU,MCI,established_mid,big_six,London Stadium,62500,False,20,7,1,11,0.20603015075376885,Standard,0.20603015075376885,0.0,0.14261351351351353,0.12189189189189191,33,0.22162162162162163,Saturday 15:00,1,1,False,False,0.15753499999999995,0.7595149999999999,False,6,430,0.8925452391176105,0.882,0.882,60065,36250,Early Surge,0.839,0.937,A,2,0
NEW_LIV_2022-23,2022-23,6,2022-09-10,NEW,LIV,established_mid,big_six,St. James Park,52305,False,8,5,8,12,0.21493956267825615,Standard,0.21493956267825615,0.17552432432432435,0.0,0.12189189189189191,33,0.22162162162162163,Saturday 15:00,1,1,False,False,0.4910149999999999,0.7059649999999998,False,6,66,0.5744704127777042,1.0,1.078,52826,36613,Early Surge,0.839,0.937,A,2,4
AVL_CHE_2022-23,2022-23,6,2022-09-10,AVL,CHE,established_mid,big_six,Villa Park,42682,False,9,2,7,13,0.21493956267825615,Standard,0.21493956267825615,0.17729729729729732,0.0,0.12189189189189191,33,0.22162162162162163,Saturday 15:00,1,0,False,False,0.45306499999999983,0.8109649999999999,False,5,140,0.5892272838823429,0.975,0.975,42213,26462,Early Surge,0.839,0.937,A,2,3
MUN_TOT_2022-23,2022-23,6,2022-09-10,MUN,TOT,big_six,big_six,Old Trafford,74310,False,1,6,13,11,0.2193942686404998,Standard,0.2193942686404998,0.17729729729729732,0.0,0.12189189189189191,33,0.22162162162162163,Sunday 16:30,3,0,False,True,0.7659649999999998,0.7374649999999998,False,6,266,0.47113544787037304,1.0,1.1,75793,63163,Immediate Sellout,1.0,1.0,H,0,0
ARS_EVE_2022-23,2022-23,7,2022-09-17,ARS,EVE,big_six,smaller_club,Emirates Stadium,60704,False,4,17,16,3,0.2293796387060636,Standard,0.2293796387060636,0.19675675675675677,0.15986486486486487,0.0,32,0.24594594594594596,Saturday 15:00,1,1,False,False,0.8676754999999998,0.26882449999999997,False,5,302,0.7174629266435433,0.856,0.856,61648,53419,Flat/Slow,0.47,0.574,H,0,2
BRE_CPL_2022-23,2022-23,7,2022-09-17,BRE,CPL,smaller_club,established_mid,Gtech Community Stadium,17250,False,13,15,6,5,0.21918498809690523,Standard,0.21918498809690523,0.0,0.156568682084146,0.0,32,0.24594594594594596,Saturday 15:00,1,0,False,False,0.4158244999999999,0.49232449999999994,False,2,347,0.4851164075083514,0.714,0.714,15042,9487,Consistent Gradual,0.525,0.69,A,2,3
NFO_FUL_2022-23,2022-23,7,2022-09-17,NFO,FUL,smaller_club,established_mid,City Ground,30445,False,12,3,6,16,0.23320263268449798,Standard,0.23320263268449798,0.19675675675675677,0.0,0.0,32,0.24594594594594596,Midweek Tue/Wed 20:00,2,1,False,False,0.5058244999999999,0.8897254999999997,False,2,425,0.5562618018618611,0.735,0.735,27328,17658,Consistent Gradual,0.525,0.69,D,0,0
LEI_WOL_2022-23,2022-23,7,2022-09-17,LEI,WOL,smaller_club,established_mid,King Power Stadium,32261,False,18,14,3,5,0.21536199411847082,Standard,0.21536199411847082,0.0,0.2068876907996079,0.0,32,0.24594594594594596,Saturday 15:00,1,1,False,False,0.31833949999999994,0.4683394999999999,False,2,425,0.6051351925688542,0.741,0.741,29423,19356,Consistent Gradual,0.525,0.69,A,0,2
BOU_BHA_2022-23,2022-23,7,2022-09-17,BOU,BHA,smaller_club,established_mid,Vitality Stadium,11307,False,20,8,1,10,0.21918498809690523,Standard,0.21918498809690523,0.0,0.156568682084146,0.1338757314015046,32,0.24594594594594596,Saturday 15:00,1,0,False,False,0.09483949999999997,0.5547754999999999,False,2,50,0.743481812212785,0.683,0.683,9513,5653,Consistent Gradual,0.525,0.69,D,0,0
IPS_WHU_2022-23,2022-23,7,2022-09-17,IPS,WHU,smaller_club,established_mid,Portman Road,30000,False,16,19,3,1,0.21026466881389164,Standard,0.21026466881389164,0.0,0.2068876907996079,0.0,32,0.24594594594594596,Saturday 15:00,1,1,False,False,0.16172449999999994,0.11027449999999996,False,2,363,0.7959649908341822,0.638,0.638,25573,16500,Consistent Gradual,0.525,0.69,D,0,0
SOU_NEW_2022-23,2022-23,7,2022-09-17,SOU,NEW,smaller_club,established_mid,St. Mary's Stadium,32384,False,11,9,7,8,0.2242823134014844,Standard,0.2242823134014844,0.0,0.0,0.13108665366397326,32,0.24594594594594596,Saturday 15:00,1,0,False,False,0.3447394999999999,0.3437104999999999,False,2,61,0.588187473233339,0.63,0.63,27602,17811,Consistent Gradual,0.525,0.69,D,1,1
MCI_AVL_2022-23,2022-23,7,2022-09-17,MCI,AVL,big_six,established_mid,Etihad Stadium,53400,False,6,10,14,7,0.23192830135835318,Standard,0.23192830135835318,0.1926999164112566,0.0,0.13527027027027028,32,0.24594594594594596,Sunday 14:00,2,0,False,False,0.8316604999999999,0.31714549999999986,False,6,53,0.4727012067323871,1.0,1.017,53933,43788,Consistent Gradual,0.525,0.69,H,2,2
LIV_MUN_2022-23,2022-23,7,2022-09-17,LIV,MUN,big_six,big_six,Anfield,61276,True,5,1,15,16,0.24467161461980116,Standard,0.24467161461980116,0.19675675675675677,0.0,0.0,32,0.24594594594594596,Sunday 16:30,3,0,False,False,0.7941754999999999,0.8361754999999997,False,7,379,0.5239366075106817,1.0,1.1,64337,55148,Immediate Sellout,1.0,1.0,H,2,0
CHE_TOT_2022-23,2022-23,7,2022-09-17,CHE,TOT,big_six,big_six,Stamford Bridge,40834,True,2,7,16,11,0.23957428931522198,Standard,0.23957428931522198,0.19675675675675677,0.0,0.13527027027027028,32,0.24594594594594596,Saturday 12:30,4,0,False,False,0.8676754999999998,0.5162254999999999,False,6,184,0.4011541626186088,1.0,1.1,40423,32667,Immediate Sellout,1.0,1.0,D,1,1
CPL_ARS_2022-23,2022-23,8,2022-09-24,CPL,ARS,established_mid,big_six,Selhurst Park,25486,False,12,1,8,19,0.25437201907790147,Standard,0.25437201907790147,0.21621621621621623,0.0,0.0,31,0.2702702702702703,Saturday 15:00,1,1,False,False,0.6446271499999999,0.9073728499999998,False,5,269,0.4520145670417869,0.882,0.882,24643,15291,Early Surge,0.839,0.937,A,0,2
FUL_EVE_2022-23,2022-23,8,2022-09-24,FUL,EVE,established_mid,smaller_club,Craven Cottage,29600,False,4,17,17,3,0.2442549501373031,Standard,0.2442549501373031,0.21621621621621623,0.17567567567567569,0.0,31,0.2702702702702703,Saturday 15:00,1,1,False,False,0.7728078499999997,0.18817714999999996,False,2,31,0.6433891289641365,0.617,0.617,24281,16280,Flat/Slow,0.47,0.574,H,3,0
WOL_BRE_2022-23,2022-23,8,2022-09-24,WOL,BRE,established_mid,smaller_club,Molineux,32050,False,10,15,8,6,0.23558317675964735,Standard,0.23558317675964735,0.0,0.17006900517538817,0.14232317423806787,31,0.2702702702702703,Saturday 17:30,3,0,False,False,0.6278376499999999,0.2910771499999999,False,2,326,0.46013917943407173,0.679,0.679,28064,19230,Flat/Slow,0.47,0.574,H,0,0
BHA_NFO_2022-23,2022-23,8,2022-09-24,BHA,NFO,established_mid,smaller_club,Amex Stadium,31800,False,8,14,11,7,0.24136435901141784,Standard,0.24136435901141784,0.0,0.16820011500862567,0.14706728004600347,31,0.2702702702702703,Saturday 12:30,4,1,False,False,0.5383428499999999,0.5040771499999999,False,3,244,0.7872706487596577,0.776,0.776,29164,20670,Flat/Slow,0.47,0.574,A,0,0
WHU_LEI_2022-23,2022-23,8,2022-09-24,WHU,LEI,established_mid,smaller_club,London Stadium,62500,False,19,18,2,3,0.22850122850122848,Standard,0.22257551669316375,0.0,0.22850122850122848,0.0,31,0.2702702702702703,Saturday 12:30,4,1,False,False,0.22719214999999995,0.22283764999999994,False,3,19,0.5089783164264157,0.699,0.699,55502,36250,Flat/Slow,0.47,0.574,H,0,2
NEW_BOU_2022-23,2022-23,8,2022-09-24,NEW,BOU,established_mid,smaller_club,St. James Park,52305,False,9,20,9,2,0.23124729007081948,Standard,0.23124729007081948,0.0,0.17380678550891318,0.14390454284071308,31,0.2702702702702703,Sunday 16:30,3,1,False,False,0.39059734999999995,0.21638764999999996,False,2,123,0.4177331406969231,0.838,0.838,50264,36613,Flat/Slow,0.47,0.574,D,1,1
AVL_IPS_2022-23,2022-23,8,2022-09-24,AVL,IPS,established_mid,smaller_club,Villa Park,42682,False,13,16,7,4,0.23124729007081948,Standard,0.23124729007081948,0.0,0.17380678550891318,0.0,31,0.2702702702702703,Saturday 17:30,3,0,False,False,0.2220018499999999,0.26320714999999995,False,2,126,0.5378506727260064,0.716,0.716,38580,26462,Flat/Slow,0.47,0.574,H,0,1
MUN_SOU_2022-23,2022-23,8,2022-09-24,MUN,SOU,big_six,smaller_club,Old Trafford,74310,False,6,11,16,8,0.2500361323890736,Standard,0.2500361323890736,0.21391604370327777,0.0,0.14864864864864866,31,0.2702702702702703,Saturday 15:00,1,1,False,True,0.5853228499999997,0.39131764999999996,False,3,229,0.4939256227526857,0.889,0.889,74119,63163,Flat/Slow,0.47,0.574,H,3,1
TOT_MCI_2022-23,2022-23,8,2022-09-24,TOT,MCI,big_six,big_six,Tottenham Hotspur Stadium,62850,False,7,5,12,17,0.2572626102037867,Standard,0.2572626102037867,0.21621621621621623,0.0,0.14864864864864866,31,0.2702702702702703,Saturday 12:30,4,0,False,True,0.5113578499999999,0.88216235,False,7,444,0.8932373107510647,1.0,1.1,63476,52165,Immediate Sellout,1.0,1.0,A,0,1
CHE_LIV_2022-23,2022-23,8,2022-09-24,CHE,LIV,big_six,big_six,Stamford Bridge,40834,False,3,2,17,18,0.26593438358144245,Standard,0.26593438358144245,0.21621621621621623,0.0,0.0,31,0.2702702702702703,Saturday 12:30,4,1,False,True,0.7573728499999999,0.8559228499999998,False,7,74,0.7233418295942045,1.0,1.1,40423,32667,Immediate Sellout,1.0,1.0,H,1,2
ARS_FUL_2022-23,2022-23,9,2022-10-01,ARS,FUL,big_six,established_mid,Emirates Stadium,60704,False,1,3,22,20,0.2913394057040466,Standard,0.2913394057040466,0.23567567567567568,0.0,0.0,30,0.2945945945945946,Monday 20:00,2,1,False,False,0.9351609949999997,0.8409654949999998,False,5,53,0.698319680758291,0.918,0.918,62487,53419,Consistent Gradual,0.525,0.69,H,4,2
CPL_WOL_2022-23,2022-23,9,2022-10-01,CPL,WOL,established_mid,established_mid,Selhurst Park,25486,False,14,8,8,11,0.2539047334627445,Standard,0.2539047334627445,0.0,0.18096525096525098,0.16024651024651027,30,0.2945945945945946,Saturday 15:00,1,2,False,False,0.4512390049999999,0.7394863549999999,False,2,385,0.7668347268903744,0.711,0.711,22870,15291,Consistent Gradual,0.525,0.69,D,1,1
EVE_BHA_2022-23,2022-23,9,2022-10-01,EVE,BHA,smaller_club,established_mid,Goodison Park,39414,False,18,9,3,11,0.24576676123637448,Standard,0.24576676123637448,0.0,0.19148648648648647,0.16024651024651027,30,0.2945945945945946,Saturday 15:00,1,1,False,False,0.13172400499999995,0.3768399949999999,False,3,174,0.6649614134546977,0.772,0.772,36610,25619,Consistent Gradual,0.525,0.69,A,2,0
BRE_WHU_2022-23,2022-23,9,2022-10-01,BRE,WHU,smaller_club,established_mid,Gtech Community Stadium,17250,False,15,16,6,5,0.24348812901299086,Standard,0.2408839779005525,0.0,0.24348812901299086,0.0,30,0.2945945945945946,Saturday 15:00,1,2,False,False,0.2037540049999999,0.459034505,False,3,371,0.819140137764166,0.671,0.671,14365,9487,Consistent Gradual,0.525,0.69,H,1,0
NFO_NEW_2022-23,2022-23,9,2022-10-01,NFO,NEW,smaller_club,established_mid,City Ground,30445,False,11,12,10,10,0.2555323279080185,Standard,0.2555323279080185,0.0,0.0,0.0,30,0.2945945945945946,Saturday 17:30,3,2,False,False,0.6528540049999998,0.42341814499999997,False,3,360,0.5514834386338276,0.705,0.705,26816,17658,Consistent Gradual,0.525,0.69,H,3,2
LEI_AVL_2022-23,2022-23,9,2022-10-01,LEI,AVL,smaller_club,established_mid,King Power Stadium,32261,True,20,10,3,10,0.24413916679110048,Standard,0.24413916679110048,0.0,0.19148648648648647,0.1584659934659935,30,0.2945945945945946,Sunday 14:00,2,2,False,False,0.15598635499999994,0.45540129499999993,False,3,5,0.6796052285703065,0.942,0.942,31862,19356,Consistent Gradual,0.525,0.69,D,1,1
BOU_MUN_2022-23,2022-23,9,2022-10-01,BOU,MUN,smaller_club,big_six,Vitality Stadium,11307,False,19,5,3,19,0.2587875167985665,Standard,0.2587875167985665,0.2330858330858331,0.19148648648648647,0.0,30,0.2945945945945946,Saturday 15:00,1,2,False,False,0.301471355,0.7097259949999998,False,3,21,0.5577856784327289,0.764,0.764,9749,5653,Early Surge,0.839,0.937,A,2,1
IPS_TOT_2022-23,2022-23,9,2022-10-01,IPS,TOT,smaller_club,big_six,Portman Road,30000,False,17,7,4,12,0.2490219501269225,Standard,0.2490219501269225,0.0,0.18938223938223941,0.16202702702702704,30,0.2945945945945946,Saturday 15:00,1,2,False,False,0.18424500499999996,0.3579504949999999,False,3,83,0.5818889334595597,0.728,0.728,26666,16500,Early Surge,0.839,0.937,A,2,2
SOU_CHE_2022-23,2022-23,9,2022-10-01,SOU,CHE,smaller_club,big_six,St. Mary's Stadium,32384,False,13,2,8,20,0.2685530834702105,Standard,0.2685530834702105,0.23567567567567568,0.0,0.0,30,0.2945945945945946,Saturday 12:30,4,2,False,False,0.27392235499999995,0.830160995,False,3,262,0.5952235468955518,0.776,0.776,29353,17811,Early Surge,0.839,0.937,A,2,2
MCI_LIV_2022-23,2022-23,9,2022-10-01,MCI,LIV,big_six,big_six,Etihad Stadium,53400,True,4,6,20,18,0.28482902792295056,Standard,0.28482902792295056,0.23567567567567568,0.0,0.16202702702702704,30,0.2945945945945946,Sunday 16:30,3,2,False,False,0.9175136449999999,0.5991459949999998,False,8,180,0.8411518852206465,1.0,1.1,53933,43788,Immediate Sellout,1.0,1.0,D,1,1
WOL_ARS_2022-23,2022-23,10,2022-10-08,WOL,ARS,established_mid,big_six,Molineux,32050,False,10,1,12,25,0.29522779922779924,Standard,0.29522779922779924,0.25513513513513514,0.0,0.17540540540540542,29,0.31891891891891894,Monday 20:00,2,1,False,False,0.6676404484999999,0.9546126964999997,False,5,177,0.5707203189013702,0.834,0.834,30417,19230,Early Surge,0.839,0.937,H,3,2
BHA_FUL_2022-23,2022-23,10,2022-10-08,BHA,FUL,established_mid,established_mid,Amex Stadium,31800,False,8,5,14,20,0.2897606177606178,Standard,0.2897606177606178,0.2522358722358723,0.0,0.17540540540540542,29,0.31891891891891894,Saturday 15:00,1,1,False,False,0.5637879964999999,0.5886758464999998,False,3,142,0.5840303237988904,0.823,0.823,29462,20670,Consistent Gradual,0.525,0.69,H,2,1
WHU_CPL_2022-23,2022-23,10,2022-10-08,WHU,CPL,established_mid,established_mid,London Stadium,62500,False,16,13,5,9,0.25331274131274134,Standard,0.25331274131274134,0.0,0.20494164619164623,0.0,29,0.31891891891891894,Monday 20:00,2,1,False,False,0.3213241535,0.46586730349999994,False,3,114,0.7965193155049349,0.682,0.682,54362,36250,Consistent Gradual,0.525,0.69,D,0,0
NEW_EVE_2022-23,2022-23,10,2022-10-08,NEW,EVE,established_mid,smaller_club,St. James Park,52305,False,12,19,10,3,0.2514903474903475,Standard,0.2514903474903475,0.0,0.20494164619164623,0.0,29,0.31891891891891894,Sunday 14:00,2,1,False,False,0.29639270149999997,0.09220680349999996,False,3,224,0.6607126082103807,0.792,0.792,49517,36613,Flat/Slow,0.47,0.574,H,1,0
AVL_BRE_2022-23,2022-23,10,2022-10-08,AVL,BRE,established_mid,smaller_club,Villa Park,42682,False,11,14,11,9,0.26424710424710424,Standard,0.26424710424710424,0.0,0.1955190417690418,0.0,29,0.31891891891891894,Saturday 15:00,1,2,False,False,0.4687809064999999,0.4426278034999999,False,3,254,0.8899249080334692,0.66,0.66,37811,26462,Flat/Slow,0.47,0.574,H,3,2
MUN_NFO_2022-23,2022-23,10,2022-10-08,MUN,NFO,big_six,smaller_club,Old Trafford,74310,False,3,9,22,13,0.2915830115830116,Standard,0.2915830115830116,0.25513513513513514,0.0,0.17540540540540542,29,0.31891891891891894,Monday 20:00,2,2,False,False,0.7968081964999998,0.7569978034999998,False,4,266,0.4395543123061643,0.747,0.747,72735,63163,Flat/Slow,0.47,0.574,D,2,2
TOT_LEI_2022-23,2022-23,10,2022-10-08,TOT,LEI,big_six,smaller_club,Tottenham Hotspur Stadium,62850,False,7,18,15,4,0.26242471042471044,Standard,0.26242471042471044,0.0,0.20729729729729732,0.17540540540540542,29,0.31891891891891894,Friday 20:00,2,1,False,False,0.5505653465,0.25919044849999995,False,4,265,0.7175399298768017,0.846,0.846,61890,52165,Flat/Slow,0.47,0.574,H,1,0
CHE_BOU_2022-23,2022-23,10,2022-10-08,CHE,BOU,big_six,smaller_club,Stamford Bridge,40834,False,2,20,23,3,0.2751814671814672,Standard,0.2751814671814672,0.25513513513513514,0.20494164619164623,0.0,29,0.31891891891891894,Monday 20:00,2,2,False,False,0.8811126965,0.21102994849999998,False,3,139,0.7202180783331136,0.716,0.716,38322,32667,Flat/Slow,0.47,0.574,H,2,1
LIV_IPS_2022-23,2022-23,10,2022-10-08,LIV,IPS,big_six,smaller_club,Anfield,61276,False,6,17,19,4,0.26971428571428574,Standard,0.26971428571428574,0.24933660933660937,0.20729729729729732,0.17540540540540542,29,0.31891891891891894,Saturday 15:00,1,2,False,False,0.5694021964999998,0.12897150349999997,False,4,209,0.6446508492983131,0.829,0.829,62742,55148,Flat/Slow,0.47,0.574,H,4,0
MCI_SOU_2022-23,2022-23,10,2022-10-08,MCI,SOU,big_six,smaller_club,Etihad Stadium,53400,False,4,15,21,8,0.2806486486486487,Standard,0.2806486486486487,0.25513513513513514,0.1978746928746929,0.0,29,0.31891891891891894,Midweek Tue/Wed 20:00,2,2,False,False,0.7922595514999999,0.19174564849999995,False,4,39,0.5142949568340662,0.82,0.82,52275,43788,Flat/Slow,0.47,0.574,H,2,1
ARS_BHA_2022-23,2022-23,11,2022-10-15,ARS,BHA,big_six,established_mid,Emirates Stadium,60704,False,2,8,25,17,0.3229329921637614,European Spot,0.3229329921637614,0.2745945945945946,0.0,0.18878378378378383,28,0.3432432432432433,Sunday 16:30,3,2,False,False,0.6682288875499998,0.6946515975499998,False,6,373,0.5697337555284239,1.0,1.1,63130,53419,Consistent Gradual,0.525,0.69,H,2,0
WOL_WHU_2022-23,2022-23,11,2022-10-15,WOL,WHU,established_mid,established_mid,Molineux,32050,False,9,16,15,6,0.2802814648968495,Standard,0.2802814648968495,0.0,0.21785850556438796,0.18212082670906204,28,0.3432432432432433,Saturday 15:00,1,2,False,False,0.7673483139499999,0.37492690744999996,False,3,216,0.7563072960824366,0.73,0.73,28785,19230,Consistent Gradual,0.525,0.69,H,2,0
FUL_NEW_2022-23,2022-23,11,2022-10-15,FUL,NEW,established_mid,established_mid,Craven Cottage,29600,False,6,12,20,13,0.3046537661922278,European Spot,0.3046537661922278,0.2649030206677266,0.0,0.18878378378378383,28,0.3432432432432433,Monday 20:00,2,1,False,False,0.41207309254999985,0.50747489105,False,3,132,0.8403561971927196,0.716,0.716,25522,16280,Consistent Gradual,0.525,0.69,D,2,2
CPL_AVL_2022-23,2022-23,11,2022-10-15,CPL,AVL,established_mid,established_mid,Selhurst Park,25486,False,13,10,10,14,0.28637454022069414,Standard,0.28637454022069414,0.0,0.0,0.1798998410174881,28,0.3432432432432433,Sunday 14:00,2,1,False,False,0.4761071124499999,0.62814663455,False,3,387,0.40638465946195473,0.756,0.756,23142,15291,Consistent Gradual,0.525,0.69,A,1,0
EVE_MUN_2022-23,2022-23,11,2022-10-15,EVE,MUN,smaller_club,big_six,Goodison Park,39414,False,19,4,3,23,0.2904365904365905,Standard,0.2904365904365905,0.2745945945945946,0.22048330683624806,0.0,28,0.3432432432432433,Monday 20:00,2,2,False,False,0.06454476244999997,0.7077657375499998,False,4,161,0.4361546945955365,0.811,0.811,37531,25619,Early Surge,0.839,0.937,D,0,0
BRE_TOT_2022-23,2022-23,11,2022-10-15,BRE,TOT,smaller_club,big_six,Gtech Community Stadium,17250,False,14,7,9,18,0.29246761554453865,Standard,0.29246761554453865,0.0,0.20998410174880766,0.18878378378378383,28,0.3432432432432433,Saturday 15:00,1,1,False,False,0.30983946244999994,0.6853957425499999,False,4,8,0.4969751147156187,0.833,0.833,15583,9487,Early Surge,0.839,0.937,A,0,3
NFO_CHE_2022-23,2022-23,11,2022-10-15,NFO,CHE,smaller_club,big_six,City Ground,30445,False,11,1,14,26,0.3188709419478651,European Spot,0.3188709419478651,0.2745945945945946,0.0,0.0,28,0.3432432432432433,Midweek Tue/Wed 20:00,2,1,False,False,0.6798984624499999,0.91677888755,False,4,275,0.6152844954596565,0.945,0.945,29761,17658,Early Surge,0.839,0.937,A,1,3
LEI_LIV_2022-23,2022-23,11,2022-10-15,LEI,LIV,smaller_club,big_six,King Power Stadium,32261,False,18,5,4,22,0.2904365904365905,Standard,0.2904365904365905,0.27136406995230533,0.22310810810810813,0.0,28,0.3432432432432433,Saturday 15:00,1,2,False,False,0.18143331394999995,0.6985815375499997,False,5,19,0.782034993669503,0.846,0.846,30495,19356,Early Surge,0.839,0.937,H,3,1
BOU_MCI_2022-23,2022-23,11,2022-10-15,BOU,MCI,smaller_club,big_six,Vitality Stadium,11307,False,20,3,3,24,0.29246761554453865,Standard,0.29246761554453865,0.2745945945945946,0.22048330683624806,0.0,28,0.3432432432432433,Saturday 15:00,1,1,False,False,0.14772096394999998,0.85458168605,False,4,409,0.7586336950669801,0.796,0.796,9774,5653,Early Surge,0.839,0.937,A,2,3
IPS_SOU_2022-23,2022-23,11,2022-10-15,IPS,SOU,smaller_club,smaller_club,Portman Road,30000,False,17,15,4,8,0.284851271389733,Standard,0.2620022389253159,0.0,0.284851271389733,0.0,28,0.3432432432432433,Saturday 15:00,1,2,False,False,0.09028005244999998,0.13422195394999994,False,0,361,0.565956842555222,0.525,0.525,24139,16500,Flat/Slow,0.47,0.574,D,2,2
WHU_ARS_2022-23,2022-23,12,2022-10-22,WHU,ARS,established_mid,big_six,London Stadium,62500,False,17,2,6,28,0.31344718952080913,European Spot,0.31344718952080913,0.2940540540540541,0.2360052735662492,0.0,27,0.3675675675675676,Saturday 15:00,1,1,False,False,0.26244883521499995,0.7677602212849998,False,6,140,0.44157714484287763,0.953,0.953,61992,36250,Early Surge,0.839,0.937,A,1,4
NEW_BHA_2022-23,2022-23,12,2022-10-22,NEW,BHA,established_mid,established_mid,St. James Park,52305,False,12,10,14,17,0.3066821422649644,European Spot,0.3066821422649644,0.0,0.0,0.19230059327620305,27,0.3675675675675676,Saturday 15:00,1,1,False,False,0.505232423735,0.48625611828499987,False,4,141,0.5287828775907031,0.978,0.978,52359,36613,Consistent Gradual,0.525,0.69,D,1,1
AVL_WOL_2022-23,2022-23,12,2022-10-22,AVL,WOL,established_mid,established_mid,Villa Park,42682,True,9,8,17,18,0.31570220527275744,European Spot,0.31570220527275744,0.0,0.0,0.19476598549769283,27,0.3675675675675676,Monday 20:00,2,1,False,False,0.7397026441849999,0.8371438197649999,False,3,338,0.8638225308179212,1.0,1.037,43063,26462,Consistent Gradual,0.525,0.69,D,1,1
MUN_FUL_2022-23,2022-23,12,2022-10-22,MUN,FUL,big_six,established_mid,Old Trafford,74310,False,4,7,24,21,0.33825236279224014,European Spot,0.33825236279224014,0.2940540540540541,0.0,0.20216216216216218,27,0.3675675675675676,Saturday 15:00,1,1,False,True,0.6454360162849998,0.4384511647849999,False,4,333,0.5087410756208091,1.0,1.1,75793,63163,Consistent Gradual,0.525,0.69,H,1,1
TOT_CPL_2022-23,2022-23,12,2022-10-22,TOT,CPL,big_six,established_mid,Tottenham Hotspur Stadium,62850,False,6,13,21,10,0.3066821422649644,European Spot,0.3066821422649644,0.283295978905735,0.0,0.20216216216216218,27,0.3675675675675676,Sunday 16:30,3,1,False,True,0.7797770197849999,0.33327497871499995,False,4,279,0.8668675377685819,1.0,1.1,63476,52165,Consistent Gradual,0.525,0.69,H,1,2
CHE_EVE_2022-23,2022-23,12,2022-10-22,CHE,EVE,big_six,smaller_club,Stamford Bridge,40834,False,1,19,29,4,0.3111921737688609,European Spot,0.3111921737688609,0.2940540540540541,0.2360052735662492,0.0,27,0.3675675675675676,Monday 20:00,2,1,False,True,0.9417452212849999,0.19518133371499996,False,4,378,0.6429638514846733,0.847,0.847,39326,32667,Consistent Gradual,0.525,0.69,H,2,0
LIV_BRE_2022-23,2022-23,12,2022-10-22,LIV,BRE,big_six,smaller_club,Anfield,61276,False,5,15,22,9,0.3066821422649644,European Spot,0.3066821422649644,0.2868820039551747,0.22726433750823996,0.0,27,0.3675675675675676,Saturday 15:00,1,2,False,False,0.4890070762849998,0.21688762371499995,False,5,332,0.7937814947205776,0.895,0.895,63097,55148,Consistent Gradual,0.525,0.69,D,2,2
MCI_NFO_2022-23,2022-23,12,2022-10-22,MCI,NFO,big_six,smaller_club,Etihad Stadium,53400,False,3,11,27,14,0.32923229978444707,European Spot,0.32923229978444707,0.2940540540540541,0.0,0.0,27,0.3675675675675676,Monday 20:00,2,2,False,True,0.898207180235,0.47592892371499984,False,5,205,0.8432632567061855,0.838,0.838,52193,43788,Consistent Gradual,0.525,0.69,D,3,3
SOU_LEI_2022-23,2022-23,12,2022-10-22,SOU,LEI,smaller_club,smaller_club,St. Mary's Stadium,32384,False,14,16,9,7,0.30093185209749623,European Spot,0.2728569059857403,0.0,0.30093185209749623,0.0,27,0.3675675675675676,Saturday 15:00,1,1,False,False,0.24395536776499993,0.42700331976499994,False,1,196,0.7658320905867368,0.572,0.572,26026,17811,Consistent Gradual,0.525,0.69,A,1,2
IPS_BOU_2022-23,2022-23,12,2022-10-22,IPS,BOU,smaller_club,smaller_club,Portman Road,30000,False,18,20,5,3,0.30859890565412035,European Spot,0.25481677997015423,0.0,0.30859890565412035,0.0,27,0.3675675675675676,Sunday 14:00,2,1,False,False,0.21319603671499998,0.10340467476499998,False,0,161,0.719042635972655,0.602,0.602,25142,16500,Consistent Gradual,0.525,0.69,A,1,0
ARS_NEW_2022-23,2022-23,13,2022-10-29,ARS,NEW,big_six,established_mid,Emirates Stadium,60704,False,2,12,31,15,0.3469616112928215,European Spot,0.3469616112928215,0.31351351351351353,0.0,0.0,26,0.3918918918918919,Sunday 16:30,3,1,False,False,0.8374321548994998,0.5036626966144999,False,6,85,0.6717103269305958,1.0,1.1,63130,53419,Consistent Gradual,0.525,0.69,H,3,0
WHU_AVL_2022-23,2022-23,13,2022-10-29,WHU,AVL,established_mid,established_mid,London Stadium,62500,False,18,9,6,18,0.2920468238939577,Standard,0.2920468238939577,0.0,0.25472972972972974,0.20735545672254535,26,0.3918918918918919,Saturday 15:00,1,2,False,False,0.18371418465049996,0.6677918509294999,False,4,233,0.8032812328559291,0.711,0.711,55596,36250,Consistent Gradual,0.525,0.69,H,0,0
BHA_MUN_2022-23,2022-23,13,2022-10-29,BHA,MUN,established_mid,big_six,Amex Stadium,31800,False,10,4,18,27,0.34446548459287313,European Spot,0.34446548459287313,0.31351351351351353,0.0,0.21554054054054056,26,0.3918918918918919,Monday 20:00,2,2,False,False,0.49037928279949994,0.7518052113994997,False,5,320,0.6926598622494808,0.934,0.934,30457,20670,Early Surge,0.839,0.937,H,4,1
WOL_TOT_2022-23,2022-23,13,2022-10-29,WOL,TOT,established_mid,big_six,Molineux,32050,False,8,5,19,24,0.3394732311929764,European Spot,0.3394732311929764,0.30160793705097505,0.0,0.21554054054054056,26,0.3918918918918919,Monday 20:00,2,2,False,False,0.7360006738354998,0.8458439138495,False,4,168,0.7262642884048615,0.864,0.864,30760,19230,Early Surge,0.839,0.937,D,3,3
FUL_CHE_2022-23,2022-23,13,2022-10-29,FUL,CHE,established_mid,big_six,Craven Cottage,29600,True,7,1,21,32,0.36443449819246,European Spot,0.36443449819246,0.31351351351351353,0.0,0.21554054054054056,26,0.3918918918918919,Saturday 15:00,1,1,False,False,0.3069158153494999,0.9592216548994998,False,4,416,0.6653042931942446,1.0,1.1,29599,16280,Early Surge,0.839,0.937,A,2,3
CPL_LIV_2022-23,2022-23,13,2022-10-29,CPL,LIV,established_mid,big_six,Selhurst Park,25486,False,13,6,10,23,0.31451196419349287,European Spot,0.31451196419349287,0.2976394115634622,0.0,0.21554054054054056,26,0.3918918918918919,Saturday 15:00,1,2,False,False,0.23329248510049994,0.49230495339949987,False,5,364,0.6401826422260295,0.914,0.914,24845,15291,Early Surge,0.839,0.937,H,4,1
EVE_MCI_2022-23,2022-23,13,2022-10-29,EVE,MCI,smaller_club,big_six,Goodison Park,39414,False,20,3,4,28,0.31351351351351353,European Spot,0.3120158374935445,0.31351351351351353,0.2482808758125214,0.0,26,0.3918918918918919,Sunday 16:30,3,1,False,False,0.13662693360049996,0.7787450261645,False,5,101,0.5785778616277297,1.0,1.072,40199,25619,Early Surge,0.839,0.937,A,1,2
BRE_SOU_2022-23,2022-23,13,2022-10-29,BRE,SOU,smaller_club,smaller_club,Gtech Community Stadium,17250,False,15,16,10,9,0.31825615424341536,European Spot,0.2795661903942159,0.0,0.31825615424341536,0.0,26,0.3918918918918919,Saturday 15:00,1,1,False,False,0.3018213366004999,0.17076875743549993,False,1,28,0.8889287378923318,0.648,0.648,14264,9487,Consistent Gradual,0.525,0.69,A,1,4
NFO_IPS_2022-23,2022-23,13,2022-10-29,NFO,IPS,smaller_club,smaller_club,City Ground,30445,False,11,19,15,5,0.28206231709416424,Standard,0.28206231709416424,0.0,0.2515053027711256,0.0,26,0.3918918918918919,Saturday 12:30,4,1,False,False,0.4831502466004999,0.14923722570049996,False,1,18,0.7837549777284281,0.679,0.679,26544,17658,Flat/Slow,0.47,0.574,H,4,2
LEI_BOU_2022-23,2022-23,13,2022-10-29,LEI,BOU,smaller_club,smaller_club,King Power Stadium,32261,False,14,17,10,6,0.3246212773282837,European Spot,0.27207781029437084,0.0,0.3246212773282837,0.0,26,0.3918918918918919,Saturday 15:00,1,1,False,False,0.5989023238354999,0.37238327233549995,False,1,306,0.44447055249032014,0.686,0.686,28663,19356,Consistent Gradual,0.525,0.69,H,0,2
AVL_ARS_2022-23,2022-23,14,2022-11-05,AVL,ARS,established_mid,big_six,Villa Park,42682,False,10,2,18,34,0.3666010381242169,European Spot,0.3666010381242169,0.33297297297297296,0.0,0.2289189189189189,25,0.4162162162162162,Saturday 15:00,1,1,False,True,0.4674542956506499,0.8862025084296499,False,6,368,0.7711346571777897,0.96,0.96,42526,26462,Early Surge,0.839,0.937,H,4,2
MUN_NEW_2022-23,2022-23,14,2022-11-05,MUN,NEW,big_six,established_mid,Old Trafford,74310,False,4,12,27,15,0.3390370502953284,European Spot,0.3390370502953284,0.33297297297297296,0.0,0.0,25,0.4162162162162162,Saturday 17:30,3,2,False,True,0.5262636479796498,0.3525638876301499,False,5,282,0.6337568726429085,1.0,1.096,75793,63163,Consistent Gradual,0.525,0.69,H,4,0
TOT_WHU_2022-23,2022-23,14,2022-11-05,TOT,WHU,big_six,established_mid,Tottenham Hotspur Stadium,62850,False,5,17,25,9,0.3242105263157895,European Spot,0.3169858600322176,0.3242105263157895,0.2598613086770981,0.0,25,0.4162162162162162,Friday 20:00,2,1,False,True,0.74209073969465,0.42859992925534995,False,5,116,0.5695926091095392,1.0,1.1,63476,52165,Consistent Gradual,0.525,0.69,H,2,0
CHE_BHA_2022-23,2022-23,14,2022-11-05,CHE,BHA,big_six,established_mid,Stamford Bridge,40834,False,1,8,35,21,0.3776266332557723,European Spot,0.3776266332557723,0.33297297297297296,0.0,0.2289189189189189,25,0.4162162162162162,Midweek Tue/Wed 20:00,2,1,False,True,0.9714551584296498,0.6432654979596499,False,5,294,0.6101116621748506,1.0,1.095,40423,32667,Consistent Gradual,0.525,0.69,D,3,3
LIV_WOL_2022-23,2022-23,14,2022-11-05,LIV,WOL,big_six,established_mid,Anfield,61276,False,6,9,23,20,0.34179344907821724,European Spot,0.34179344907821724,0.315448079658606,0.0,0.2289189189189189,25,0.4162162162162162,Saturday 15:00,1,2,False,True,0.3446134673796499,0.6652004716848499,False,5,341,0.42795742439251416,1.0,1.097,64337,55148,Consistent Gradual,0.525,0.69,H,4,1
MCI_FUL_2022-23,2022-23,14,2022-11-05,MCI,FUL,big_six,established_mid,Etihad Stadium,53400,False,3,7,31,21,0.3666010381242169,European Spot,0.3666010381242169,0.33297297297297296,0.0,0.2289189189189189,25,0.4162162162162162,Sunday 14:00,2,2,False,True,0.8451215183151499,0.21484107074464992,False,5,358,0.8199614027481235,1.0,1.085,53933,43788,Consistent Gradual,0.525,0.69,H,0,0
SOU_CPL_2022-23,2022-23,14,2022-11-05,SOU,CPL,smaller_club,established_mid,St. Mary's Stadium,32384,False,15,13,12,13,0.292178270986218,Standard,0.292178270986218,0.0,0.24918207681365576,0.0,25,0.4162162162162162,Sunday 14:00,2,1,False,False,0.4195381302048499,0.4633047395703499,False,1,275,0.7755992659225316,0.63,0.63,27379,17811,Consistent Gradual,0.525,0.69,H,1,2
IPS_EVE_2022-23,2022-23,14,2022-11-05,IPS,EVE,smaller_club,smaller_club,Portman Road,30000,False,19,20,5,4,0.3467549668874172,European Spot,0.24807589045999637,0.0,0.3467549668874172,0.0,25,0.4162162162162162,Saturday 15:00,1,2,False,False,0.10446605799034997,0.09563885352034997,False,1,379,0.7312134467379722,0.566,0.566,24731,16500,Consistent Gradual,0.525,0.69,H,3,1
BOU_BRE_2022-23,2022-23,14,2022-11-05,BOU,BRE,smaller_club,smaller_club,Vitality Stadium,11307,False,18,16,6,10,0.3444120279219616,European Spot,0.26737068194021835,0.0,0.3444120279219616,0.0,25,0.4162162162162162,Saturday 15:00,1,2,False,False,0.26066829063485,0.21127493562034994,False,1,256,0.470288331868491,0.594,0.594,8819,5653,Consistent Gradual,0.525,0.69,A,2,2
LEI_NFO_2022-23,2022-23,14,2022-11-05,LEI,NFO,smaller_club,smaller_club,King Power Stadium,32261,True,14,11,13,18,0.3087166636835511,European Spot,0.3087166636835511,0.0,0.24562233285917498,0.0,25,0.4162162162162162,Saturday 17:30,3,2,False,False,0.71923162668485,0.6382051726203499,False,2,429,0.6732185428910487,0.872,0.872,30703,19356,Consistent Gradual,0.525,0.69,H,4,1
ARS_MUN_2022-23,2022-23,15,2022-11-12,ARS,MUN,big_six,big_six,Emirates Stadium,60704,False,2,4,34,30,0.4162348555452004,European Spot,0.4162348555452004,0.3524324324324325,0.0,0.0,24,0.4405405405405406,Saturday 12:30,4,1,False,True,0.6203417559007549,0.6683845535857548,False,7,229,0.807245150374555,1.0,1.1,63130,53419,Immediate Sellout,1.0,1.0,A,2,4
AVL_TOT_2022-23,2022-23,15,2022-11-12,AVL,TOT,established_mid,big_six,Villa Park,42682,False,8,5,21,28,0.3706616961789376,European Spot,0.3706616961789376,0.3427767493520919,0.0,0.24229729729729735,24,0.4405405405405406,Sunday 14:00,2,2,False,False,0.6272180069554549,0.819463517786255,False,5,133,0.826287461474631,1.0,1.01,42996,26462,Early Surge,0.839,0.937,H,4,0
NEW_CHE_2022-23,2022-23,15,2022-11-12,NEW,CHE,established_mid,big_six,St. James Park,52305,False,14,1,15,36,0.37673811742777263,European Spot,0.37673811742777263,0.3524324324324325,0.2588930025916328,0.0,24,0.4405405405405406,Monday 20:00,2,2,False,False,0.24679472134110492,0.8300186109007548,False,5,333,0.7052790395069061,1.0,1.027,52809,36613,Early Surge,0.839,0.937,H,2,1
WHU_LIV_2022-23,2022-23,15,2022-11-12,WHU,LIV,established_mid,big_six,London Stadium,62500,False,17,6,9,26,0.33312106627175125,European Spot,0.32812674743709225,0.33312106627175125,0.282428730099963,0.24229729729729735,24,0.4405405405405406,Saturday 15:00,1,2,False,False,0.30001995047874497,0.541229427165755,False,6,120,0.7444333454080991,0.914,0.914,60494,36250,Early Surge,0.839,0.937,A,1,0
BHA_MCI_2022-23,2022-23,15,2022-11-12,BHA,MCI,established_mid,big_six,Amex Stadium,31800,False,7,3,22,34,0.39192917054986026,European Spot,0.39192917054986026,0.3524324324324325,0.0,0.24229729729729735,24,0.4405405405405406,Saturday 12:30,4,2,False,False,0.6002858485717549,0.8915850628206048,False,6,140,0.4099510586278651,1.0,1.1,31480,20670,Early Surge,0.839,0.937,H,2,2
WOL_SOU_2022-23,2022-23,15,2022-11-12,WOL,SOU,established_mid,smaller_club,Molineux,32050,False,10,13,20,15,0.32812674743709225,European Spot,0.32812674743709225,0.0,0.0,0.23565901517956317,24,0.4405405405405406,Friday 20:00,2,2,False,False,0.4656403301793949,0.5936766911433949,False,1,394,0.6602866252168673,0.69,0.69,28449,19230,Consistent Gradual,0.525,0.69,A,0,1
FUL_IPS_2022-23,2022-23,15,2022-11-12,FUL,IPS,established_mid,smaller_club,Craven Cottage,29600,False,9,18,21,8,0.3098974836905872,European Spot,0.3098974836905872,0.0,0.28635135135135137,0.23897815623843024,24,0.4405405405405406,Sunday 16:30,3,1,False,False,0.15038874952125494,0.37312624059324495,False,1,97,0.5940106321048642,0.72,0.72,25934,16280,Consistent Gradual,0.525,0.69,A,1,3
CPL_BOU_2022-23,2022-23,15,2022-11-12,CPL,BOU,established_mid,smaller_club,Selhurst Park,25486,False,15,19,13,6,0.35638210624417527,European Spot,0.2795153774464119,0.0,0.35638210624417527,0.0,24,0.4405405405405406,Saturday 17:30,3,2,False,True,0.32431331769924493,0.18246780344439498,False,1,96,0.5138159094093564,0.624,0.624,21925,15291,Consistent Gradual,0.525,0.69,D,1,1
EVE_LEI_2022-23,2022-23,15,2022-11-12,EVE,LEI,smaller_club,smaller_club,Goodison Park,39414,False,20,12,4,16,0.2825535880708295,Standard,0.2825535880708295,0.0,0.2706608663457979,0.0,24,0.4405405405405406,Saturday 12:30,4,1,False,False,0.06694719746424498,0.803462138679395,False,2,13,0.5188051419492128,0.728,0.728,36273,25619,Flat/Slow,0.47,0.574,A,2,1
BRE_NFO_2022-23,2022-23,15,2022-11-12,BRE,NFO,smaller_club,smaller_club,Gtech Community Stadium,17250,False,16,11,13,18,0.31597390493942223,European Spot,0.31597390493942223,0.0,0.2667382450944095,0.0,24,0.4405405405405406,Saturday 15:00,1,2,False,False,0.4478924549342449,0.4467436208342449,False,2,36,0.7183545152911203,0.621,0.621,13980,9487,Consistent Gradual,0.525,0.69,H,2,2
TOT_ARS_2022-23,2022-23,16,2022-11-19,TOT,ARS,big_six,big_six,Tottenham Hotspur Stadium,62850,True,6,2,28,34,0.4314213494069609,European Spot,0.4314213494069609,0.3718918918918919,0.0,0.25567567567567573,23,0.4648648648648649,Saturday 12:30,4,2,False,False,0.5736244624503785,0.4342392291305284,False,7,116,0.8013045196002764,1.0,1.1,63476,52165,Immediate Sellout,1.0,1.0,H,0,1
CHE_MUN_2022-23,2022-23,16,2022-11-19,CHE,MUN,big_six,big_six,Stamford Bridge,40834,False,1,4,36,33,0.4548318102274937,European Spot,0.4548318102274937,0.3718918918918919,0.0,0.0,23,0.4648648648648649,Saturday 12:30,4,2,False,False,0.5810130276305283,0.7678691875100283,False,6,149,0.8111800927666087,1.0,1.1,40423,32667,Immediate Sellout,1.0,1.0,H,0,0
LIV_AVL_2022-23,2022-23,16,2022-11-19,LIV,AVL,big_six,established_mid,Anfield,61276,False,5,8,29,24,0.4013221854948474,European Spot,0.4013221854948474,0.35064092664092666,0.0,0.25567567567567573,23,0.4648648648648649,Saturday 17:30,3,2,False,False,0.6788605990160284,0.7390526048688184,False,6,323,0.43141161233896985,1.0,1.066,64337,55148,Consistent Gradual,0.525,0.69,H,4,2
MCI_NEW_2022-23,2022-23,16,2022-11-19,MCI,NEW,big_six,established_mid,Etihad Stadium,53400,False,3,14,34,18,0.397977833949057,European Spot,0.397977833949057,0.3718918918918919,0.26331274131274135,0.0,23,0.4648648648648649,Saturday 17:30,3,1,False,True,0.6241095439744233,0.4727563049387734,False,6,253,0.731814752849954,1.0,1.1,53933,43788,Consistent Gradual,0.525,0.69,H,0,1
SOU_WHU_2022-23,2022-23,16,2022-11-19,SOU,WHU,smaller_club,established_mid,St. Mary's Stadium,32384,False,13,18,18,9,0.3143690453042971,European Spot,0.3143690453042971,0.0,0.3021621621621622,0.0,23,0.4648648648648649,Monday 20:00,2,2,False,False,0.7155736838003764,0.21001396533512146,False,2,112,0.8160762014333,0.588,0.588,26539,17811,Consistent Gradual,0.525,0.69,H,1,0
IPS_BHA_2022-23,2022-23,16,2022-11-19,IPS,BHA,smaller_club,established_mid,Portman Road,30000,False,17,7,11,25,0.3444682092164107,European Spot,0.3444682092164107,0.0,0.2935289575289576,0.25567567567567573,23,0.4648648648648649,Sunday 14:00,2,2,False,False,0.5611883684152714,0.7202000940002284,False,2,18,0.45434280628227064,0.674,0.674,25943,16500,Consistent Gradual,0.525,0.69,A,2,0
BOU_WOL_2022-23,2022-23,16,2022-11-19,BOU,WOL,smaller_club,established_mid,Vitality Stadium,11307,False,19,10,7,20,0.3143690453042971,European Spot,0.3143690453042971,0.0,0.2935289575289576,0.23741312741312745,23,0.4648648648648649,Saturday 15:00,1,2,False,False,0.2777274624110765,0.3259482311255764,False,1,195,0.7692431046519863,0.693,0.693,9354,5653,Consistent Gradual,0.525,0.69,H,2,2
LEI_FUL_2022-23,2022-23,16,2022-11-19,LEI,FUL,smaller_club,established_mid,King Power Stadium,32261,False,11,9,19,21,0.35784561539957227,European Spot,0.35784561539957227,0.0,0.0,0.24106563706563708,23,0.4648648648648649,Saturday 15:00,1,2,False,False,0.8624234970755764,0.10527212466487845,False,2,186,0.6918852083572609,0.767,0.767,29778,19356,Consistent Gradual,0.525,0.69,H,3,0
NFO_CPL_2022-23,2022-23,16,2022-11-19,NFO,CPL,smaller_club,established_mid,City Ground,30445,False,12,16,18,14,0.3310908030332491,European Spot,0.3310908030332491,0.0,0.2805791505791506,0.0,23,0.4648648648648649,Saturday 15:00,1,1,False,False,0.3127205345839714,0.37701932238947145,False,2,357,0.7715770001736331,0.778,0.778,27753,17658,Consistent Gradual,0.525,0.69,H,4,2
BRE_EVE_2022-23,2022-23,16,2022-11-19,BRE,EVE,smaller_club,smaller_club,Gtech Community Stadium,17250,False,15,20,16,4,0.3610227493680731,European Spot,0.2909585844837643,0.0,0.3610227493680731,0.0,23,0.4648648648648649,Saturday 15:00,1,1,False,False,0.6135247184539714,0.04686303822497148,False,2,255,0.5566838705405487,0.648,0.648,14398,9487,Consistent Gradual,0.525,0.69,D,0,0
ARS_CHE_2022-23,2022-23,17,2022-11-26,ARS,CHE,big_six,big_six,Emirates Stadium,60704,True,3,1,34,39,0.4707986181670392,European Spot,0.4707986181670392,0.39135135135135135,0.0,0.0,22,0.4891891891891892,Saturday 12:30,4,2,False,True,0.3039674603913699,0.7067091193413697,False,7,93,0.5738666744343053,1.0,1.1,63130,53419,Immediate Sellout,1.0,1.0,A,1,4
TOT_LIV_2022-23,2022-23,17,2022-11-26,TOT,LIV,big_six,big_six,Tottenham Hotspur Stadium,62850,False,6,5,31,32,0.43401747612273933,European Spot,0.43401747612273933,0.3855102864058088,0.0,0.2690540540540541,22,0.4891891891891892,Saturday 12:30,4,2,False,False,0.7015371237152649,0.7752024193112198,False,7,138,0.4528030086128677,1.0,1.1,63476,52165,Immediate Sellout,1.0,1.0,H,1,1
MUN_MCI_2022-23,2022-23,17,2022-11-26,MUN,MCI,big_six,big_six,Old Trafford,74310,True,4,2,33,37,0.4597642755537492,European Spot,0.4597642755537492,0.39135135135135135,0.0,0.0,22,0.4891891891891892,Sunday 16:30,3,2,False,False,0.5375084312570197,0.7368766807820963,False,7,421,0.8639300617408792,1.0,1.1,75793,63163,Immediate Sellout,1.0,1.0,H,3,1
AVL_SOU_2022-23,2022-23,17,2022-11-26,AVL,SOU,established_mid,smaller_club,Villa Park,42682,False,8,11,24,21,0.36781142044299936,European Spot,0.36781142044299936,0.0,0.0,0.2529911254538121,22,0.4891891891891892,Monday 20:00,2,2,False,False,0.5173368234081729,0.8009015786602636,False,2,292,0.4614467939980397,0.656,0.656,37671,26462,Consistent Gradual,0.525,0.69,H,2,1
NEW_IPS_2022-23,2022-23,17,2022-11-26,NEW,IPS,established_mid,smaller_club,St. James Park,52305,False,14,17,18,11,0.3876732371469213,European Spot,0.30896159317211946,0.0,0.3876732371469213,0.0,22,0.4891891891891892,Sunday 14:00,2,1,False,False,0.3309294134571414,0.39283185789069,False,2,361,0.7237952381900021,0.855,0.855,50729,36613,Consistent Gradual,0.525,0.69,A,2,2
WHU_BOU_2022-23,2022-23,17,2022-11-26,WHU,BOU,established_mid,smaller_club,London Stadium,62500,False,19,18,9,10,0.4126844137370453,European Spot,0.2721804511278196,0.0,0.4126844137370453,0.0,22,0.4891891891891892,Saturday 15:00,1,2,False,False,0.147009775734585,0.49440922368775353,False,2,354,0.5330644663701639,0.658,0.658,53509,36250,Consistent Gradual,0.525,0.69,D,2,2
BHA_LEI_2022-23,2022-23,17,2022-11-26,BHA,LEI,established_mid,smaller_club,Amex Stadium,31800,False,7,9,28,22,0.3862019914651494,European Spot,0.3862019914651494,0.0,0.0,0.2690540540540541,22,0.4891891891891892,Sunday 14:00,2,1,False,False,0.8041400658001598,0.9036964479529035,False,3,345,0.4521943713633365,0.777,0.777,28900,20670,Consistent Gradual,0.525,0.69,H,0,1
WOL_NFO_2022-23,2022-23,17,2022-11-26,WOL,NFO,established_mid,smaller_club,Molineux,32050,False,13,10,20,21,0.35309896362527937,European Spot,0.35309896362527937,0.0,0.0,0.24094392900363054,22,0.4891891891891892,Sunday 16:30,3,1,False,False,0.22816376178790349,0.51890437420878,False,2,67,0.8736861936957028,0.761,0.761,28996,19230,Consistent Gradual,0.525,0.69,D,3,3
FUL_BRE_2022-23,2022-23,17,2022-11-26,FUL,BRE,established_mid,smaller_club,Craven Cottage,29600,False,12,15,21,17,0.3420646210119894,European Spot,0.3420646210119894,0.0,0.28475191609519973,0.0,22,0.4891891891891892,Saturday 15:00,1,2,False,False,0.07369048726541491,0.5794673029177799,False,2,225,0.6473560476533158,0.64,0.64,24585,16280,Consistent Gradual,0.525,0.69,A,1,2
CPL_EVE_2022-23,2022-23,17,2022-11-26,CPL,EVE,established_mid,smaller_club,Selhurst Park,25486,False,16,20,14,5,0.3876732371469213,European Spot,0.0,0.0,0.3876732371469213,0.0,22,0.4891891891891892,Sunday 16:30,3,2,False,False,0.26391352567263,0.18280412675748003,False,2,187,0.7468000357086079,0.71,0.71,22603,15291,Consistent Gradual,0.525,0.69,H,2,1
LIV_ARS_2022-23,2022-23,18,2022-12-03,LIV,ARS,big_six,big_six,Anfield,61276,False,6,5,32,34,0.4407320706533305,European Spot,0.4407320706533305,0.41081081081081083,0.0,0.28243243243243243,21,0.5135135135135135,Sunday 16:30,3,4,False,False,0.5426416935178539,0.21277722227395893,False,8,95,0.551178476570964,1.0,1.1,64337,55148,Immediate Sellout,1.0,1.0,A,0,0
MCI_CHE_2022-23,2022-23,18,2022-12-03,MCI,CHE,big_six,big_six,Etihad Stadium,53400,False,2,1,37,42,0.4932964460523515,European Spot,0.4932964460523515,0.41081081081081083,0.0,0.0,21,0.5135135135135135,Saturday 12:30,4,2,False,True,0.5158136765474675,0.7946963835389588,False,7,130,0.8305215183224366,1.0,1.1,53933,43788,Immediate Sellout,1.0,1.0,A,2,1
SOU_TOT_2022-23,2022-23,18,2022-12-03,SOU,TOT,smaller_club,big_six,St. Mary's Stadium,32384,False,12,4,21,34,0.41081081081081083,European Spot,0.39625452223877417,0.41081081081081083,0.0,0.0,21,0.5135135135135135,Saturday 15:00,1,3,False,False,0.5606311050621845,0.7910759866006853,False,3,254,0.752472895837711,0.713,0.713,28623,17811,Early Surge,0.839,0.937,H,1,2
IPS_MUN_2022-23,2022-23,18,2022-12-03,IPS,MUN,smaller_club,big_six,Portman Road,30000,False,17,3,14,36,0.41081081081081083,European Spot,0.37603745477761225,0.41081081081081083,0.3181376689189189,0.0,21,0.5135135135135135,Sunday 16:30,3,4,False,False,0.5749823005234829,0.6762559018799138,False,3,148,0.8343966483233176,0.741,0.741,26983,16500,Early Surge,0.839,0.937,A,2,2
BOU_AVL_2022-23,2022-23,18,2022-12-03,BOU,AVL,smaller_club,established_mid,Vitality Stadium,11307,False,18,8,11,27,0.33378378378378376,European Spot,0.3275164928708236,0.0,0.33378378378378376,0.26478040540540543,21,0.5135135135135135,Saturday 15:00,1,3,False,False,0.49608645658142747,0.662135776385721,False,2,38,0.8315446361051082,0.649,0.649,9150,5653,Consistent Gradual,0.525,0.69,A,0,3
LEI_NEW_2022-23,2022-23,18,2022-12-03,LEI,NEW,smaller_club,established_mid,King Power Stadium,32261,False,10,15,22,18,0.3356033198552883,European Spot,0.3356033198552883,0.0,0.2972761824324324,0.24271537162162163,21,0.5135135135135135,Midweek Tue/Wed 20:00,2,2,False,False,0.6325875135670324,0.23165058941999894,False,3,142,0.6641520116650046,0.783,0.783,29673,19356,Consistent Gradual,0.525,0.69,D,0,0
NFO_WHU_2022-23,2022-23,18,2022-12-03,NFO,WHU,smaller_club,established_mid,City Ground,30445,False,9,19,22,10,0.32856841216216215,European Spot,0.0,0.0,0.32856841216216215,0.24271537162162163,21,0.5135135135135135,Saturday 17:30,3,2,False,False,0.5132330619461459,0.2529068430142095,False,3,345,0.8786485334543046,0.761,0.761,27676,17658,Consistent Gradual,0.525,0.69,H,1,2
BRE_BHA_2022-23,2022-23,18,2022-12-03,BRE,BHA,smaller_club,established_mid,Gtech Community Stadium,17250,False,14,7,20,31,0.38008086826984466,European Spot,0.38008086826984466,0.0,0.2868454391891892,0.28243243243243243,21,0.5135135135135135,Sunday 16:30,3,4,False,False,0.705627112042446,0.8628980460601119,False,3,411,0.8407927933767361,0.683,0.683,14520,9487,Consistent Gradual,0.525,0.69,H,2,0
EVE_WOL_2022-23,2022-23,18,2022-12-03,EVE,WOL,smaller_club,established_mid,Goodison Park,39414,False,20,11,5,21,0.30249155405405403,European Spot,0.0,0.0,0.30249155405405403,0.0,21,0.5135135135135135,Saturday 15:00,1,4,False,False,0.127962888730236,0.3097146332515324,False,2,133,0.6691950123888506,0.697,0.697,35708,25619,Consistent Gradual,0.525,0.69,D,3,3
CPL_FUL_2022-23,2022-23,18,2022-12-03,CPL,FUL,established_mid,established_mid,Selhurst Park,25486,False,16,13,17,21,0.3275164928708236,European Spot,0.3275164928708236,0.0,0.30249155405405403,0.0,21,0.5135135135135135,Saturday 15:00,1,2,False,True,0.484739467970841,0.051583341085790435,False,2,392,0.8238283289981785,0.714,0.714,22776,15291,Consistent Gradual,0.525,0.69,H,1,2
ARS_MCI_2022-23,2022-23,19,2022-12-10,ARS,MCI,big_six,big_six,Emirates Stadium,60704,True,3,4,37,37,0.46671878490060315,European Spot,0.46671878490060315,0.4302702702702703,0.0,0.0,20,0.5378378378378379,Sunday 16:30,3,3,False,False,0.4489440555917712,0.3610695735832272,False,8,426,0.47045480196338124,1.0,1.1,63130,53419,Immediate Sellout,1.0,1.0,H,0,0
LIV_SOU_2022-23,2022-23,19,2022-12-10,LIV,SOU,big_six,smaller_club,Anfield,61276,False,6,10,32,24,0.3950022153300843,European Spot,0.386709850346214,0.3950022153300843,0.0,0.29581081081081084,20,0.5378378378378379,Sunday 14:00,2,4,False,False,0.3798491854624977,0.6924417735435291,False,4,118,0.8618162163128298,0.797,0.797,62393,55148,Consistent Gradual,0.525,0.69,D,1,1
CHE_IPS_2022-23,2022-23,19,2022-12-10,CHE,IPS,big_six,smaller_club,Stamford Bridge,40834,False,1,17,45,14,0.4302702702702703,European Spot,0.0,0.4302702702702703,0.3324014178112539,0.0,20,0.5378378378378379,Saturday 15:00,1,4,False,True,0.856287468477271,0.402487610366438,False,3,141,0.57184553953051,0.77,0.77,38396,32667,Consistent Gradual,0.525,0.69,H,0,0
TOT_BOU_2022-23,2022-23,19,2022-12-10,TOT,BOU,big_six,smaller_club,Tottenham Hotspur Stadium,62850,False,5,18,34,11,0.4091094373061586,European Spot,0.0,0.4091094373061586,0.34959459459459463,0.0,20,0.5378378378378379,Saturday 15:00,1,2,False,True,0.5537531906204797,0.3472605196069992,False,3,363,0.7513017139762592,0.902,0.902,62288,52165,Consistent Gradual,0.525,0.69,H,0,0
MUN_LEI_2022-23,2022-23,19,2022-12-10,MUN,LEI,big_six,smaller_club,Old Trafford,74310,False,2,11,39,23,0.4302702702702703,European Spot,0.4133794951976771,0.4302702702702703,0.0,0.0,20,0.5378378378378379,Monday 20:00,2,3,False,False,0.7733791313159396,0.5928112594969226,False,4,46,0.6671037317451366,0.755,0.755,72552,63163,Consistent Gradual,0.525,0.69,D,3,3
AVL_NFO_2022-23,2022-23,19,2022-12-10,AVL,NFO,established_mid,smaller_club,Villa Park,42682,False,8,9,30,25,0.38226490953763687,European Spot,0.38226490953763687,0.0,0.0,0.2909614532565353,20,0.5378378378378379,Sunday 16:30,3,4,False,False,0.7634950434700046,0.6592631433623022,False,3,302,0.6247154755161757,0.671,0.671,37620,26462,Consistent Gradual,0.525,0.69,D,2,2
NEW_BRE_2022-23,2022-23,19,2022-12-10,NEW,BRE,established_mid,smaller_club,St. James Park,52305,False,16,12,19,23,0.3244806790261336,European Spot,0.3244806790261336,0.0,0.3037461231723527,0.0,20,0.5378378378378379,Saturday 15:00,1,2,False,False,0.31215541259399926,0.7939389784297122,False,3,385,0.8193653557074504,0.804,0.804,49897,36613,Consistent Gradual,0.525,0.69,H,0,2
WHU_EVE_2022-23,2022-23,19,2022-12-10,WHU,EVE,established_mid,smaller_club,London Stadium,62500,False,19,20,10,6,0.4344929640384186,European Spot,0.0,0.0,0.4344929640384186,0.0,20,0.5378378378378379,Monday 20:00,2,2,False,False,0.17703479010994666,0.23957402211116519,False,3,241,0.752206464372406,0.605,0.605,52595,36250,Consistent Gradual,0.525,0.69,D,1,1
BHA_CPL_2022-23,2022-23,19,2022-12-10,BHA,CPL,established_mid,established_mid,Amex Stadium,31800,True,7,15,31,20,0.3644851463033281,European Spot,0.3644851463033281,0.0,0.29801506424457247,0.29581081081081084,20,0.5378378378378379,Saturday 15:00,1,4,False,False,0.6040286322420783,0.6393176275795887,False,3,188,0.46713061323762195,0.967,0.967,30936,20670,Consistent Gradual,0.525,0.69,D,2,2
WOL_FUL_2022-23,2022-23,19,2022-12-10,WOL,FUL,established_mid,established_mid,Molineux,32050,False,13,14,22,21,0.32892561983471075,European Spot,0.32892561983471075,0.0,0.2922840053167923,0.0,20,0.5378378378378379,Saturday 15:00,1,2,False,False,0.3668002432760727,0.0361083387600533,False,2,285,0.4421034069718279,0.789,0.789,29423,19230,Consistent Gradual,0.525,0.69,D,3,3
SOU_ARS_2022-23,2022-23,20,2022-12-17,SOU,ARS,smaller_club,big_six,St. Mary's Stadium,32384,False,10,3,25,40,0.4497297297297298,European Spot,0.41062279670975327,0.4497297297297298,0.0,0.30918918918918925,19,0.5621621621621622,Midweek Tue/Wed 20:00,2,4,False,False,0.6347092414804704,0.6142608389142399,False,4,255,0.6760295726932757,0.677,0.677,28646,17811,Early Surge,0.839,0.937,A,1,2
IPS_MCI_2022-23,2022-23,20,2022-12-17,IPS,MCI,smaller_club,big_six,Portman Road,30000,False,17,5,14,37,0.4497297297297298,European Spot,0.0,0.4497297297297298,0.34650512581547066,0.0,19,0.5621621621621622,Monday 20:00,2,4,False,False,0.2817413272565066,0.25274870150825907,False,4,139,0.43268880857851066,0.631,0.631,25262,16500,Early Surge,0.839,0.937,H,0,2
BOU_LIV_2022-23,2022-23,20,2022-12-17,BOU,LIV,smaller_club,big_six,Vitality Stadium,11307,False,18,6,11,33,0.4187138863000932,European Spot,0.0,0.4187138863000932,0.36540540540540545,0.30918918918918925,19,0.5621621621621622,Midweek Tue/Wed 20:00,2,4,False,False,0.24308236372489944,0.41589442982374836,False,4,162,0.7490801284006126,0.734,0.734,9510,5653,Early Surge,0.839,0.937,H,1,0
LEI_CHE_2022-23,2022-23,20,2022-12-17,LEI,CHE,smaller_club,big_six,King Power Stadium,32261,False,11,1,24,48,0.4497297297297298,European Spot,0.44484136310223266,0.4497297297297298,0.0,0.0,19,0.5621621621621622,Saturday 17:30,3,2,False,False,0.5649678816478458,0.8994012279340897,False,4,204,0.8764699727542842,0.932,0.932,31793,19356,Early Surge,0.839,0.937,D,1,1
NFO_TOT_2022-23,2022-23,20,2022-12-17,NFO,TOT,smaller_club,big_six,City Ground,30445,False,9,4,26,37,0.4497297297297298,European Spot,0.40084606345475915,0.4497297297297298,0.0,0.30918918918918925,19,0.5621621621621622,Saturday 15:00,1,4,False,False,0.6114842003536115,0.6876272334343357,False,4,199,0.6051459006942255,0.775,0.775,27702,17658,Early Surge,0.839,0.937,D,2,2
BRE_MUN_2022-23,2022-23,20,2022-12-17,BRE,MUN,smaller_club,big_six,Gtech Community Stadium,17250,False,13,2,23,40,0.4497297297297298,European Spot,0.40084606345475915,0.4497297297297298,0.0,0.0,19,0.5621621621621622,Saturday 17:30,3,3,False,False,0.5557572849007985,0.6913653919211578,False,4,261,0.8169213584428688,0.824,0.824,15603,9487,Early Surge,0.839,0.937,A,0,1
EVE_AVL_2022-23,2022-23,20,2022-12-17,EVE,AVL,smaller_club,established_mid,Goodison Park,39414,False,20,8,7,31,0.34020503261882573,European Spot,0.0,0.0,0.34020503261882573,0.30385834109972043,19,0.5621621621621622,Saturday 15:00,1,4,False,False,0.3177018154778156,0.6844465304290033,False,3,130,0.801424202208859,0.697,0.697,35879,25619,Consistent Gradual,0.525,0.69,D,3,3
CPL_NEW_2022-23,2022-23,20,2022-12-17,CPL,NEW,established_mid,established_mid,Selhurst Park,25486,False,16,15,21,22,0.3905804935370153,European Spot,0.30307873090481785,0.0,0.3905804935370153,0.0,19,0.5621621621621622,Sunday 14:00,2,4,False,True,0.597522339305712,0.5185087888157994,False,3,133,0.5789989884672355,0.635,0.635,21980,15291,Consistent Gradual,0.525,0.69,A,2,3
FUL_WHU_2022-23,2022-23,20,2022-12-17,FUL,WHU,established_mid,established_mid,Craven Cottage,29600,False,14,19,22,11,0.43213160987074034,European Spot,0.0,0.0,0.43213160987074034,0.0,19,0.5621621621621622,Saturday 12:30,4,3,False,False,0.17527583713203732,0.27392435307696267,False,3,393,0.8235604653733112,0.768,0.768,26083,16280,Consistent Gradual,0.525,0.69,D,0,0
WOL_BHA_2022-23,2022-23,20,2022-12-17,WOL,BHA,established_mid,established_mid,Molineux,32050,False,12,7,23,32,0.3617391304347827,European Spot,0.3617391304347827,0.0,0.0,0.30918918918918925,19,0.5621621621621622,Sunday 16:30,3,2,False,False,0.40676017029325084,0.5728200425694547,False,3,242,0.7804212892607933,0.852,0.852,30451,19230,Consistent Gradual,0.525,0.69,D,0,0
ARS_IPS_2022-23,2022-23,21,2022-12-24,ARS,IPS,big_six,smaller_club,Emirates Stadium,60704,False,3,17,43,17,0.4691891891891892,European Spot,0.0,0.4691891891891892,0.3604226044226045,0.0,18,0.5864864864864865,Saturday 15:00,1,2,False,True,0.7299825872399679,0.49721892907955456,False,4,149,0.40293550166568926,0.931,0.931,62399,53419,Consistent Gradual,0.525,0.69,H,3,1
SOU_BOU_2022-23,2022-23,21,2022-12-24,SOU,BOU,smaller_club,smaller_club,St. Mary's Stadium,32384,True,11,18,25,14,0.3812162162162162,European Spot,0.0,0.0,0.3812162162162162,0.0,18,0.5864864864864865,Saturday 15:00,1,3,False,False,0.44429646903632924,0.4701576546074296,False,0,342,0.5997546245610539,0.667,0.667,28472,17811,Consistent Gradual,0.525,0.69,H,1,2
MCI_LEI_2022-23,2022-23,21,2022-12-24,MCI,LEI,big_six,smaller_club,Etihad Stadium,53400,False,5,10,37,25,0.4606584766584767,European Spot,0.39278452764691296,0.4606584766584767,0.0,0.3225675675675676,18,0.5864864864864865,Saturday 12:30,4,2,False,False,0.17692409105578133,0.545477517153492,False,5,24,0.527958020913923,0.955,0.955,53676,43788,Consistent Gradual,0.525,0.69,H,2,2
LIV_NFO_2022-23,2022-23,21,2022-12-24,LIV,NFO,big_six,smaller_club,Anfield,61276,False,6,9,33,27,0.4265356265356266,European Spot,0.3820233077113811,0.4265356265356266,0.0,0.3225675675675676,18,0.5864864864864865,Saturday 15:00,1,2,False,False,0.29112610087662383,0.578038940247528,False,5,51,0.7175306491953338,0.895,0.895,63397,55148,Consistent Gradual,0.525,0.69,H,0,1
CHE_BRE_2022-23,2022-23,21,2022-12-24,CHE,BRE,big_six,smaller_club,Stamford Bridge,40834,False,1,15,49,23,0.4691891891891892,European Spot,0.4465906273245723,0.4691891891891892,0.3188353808353809,0.0,18,0.5864864864864865,Saturday 17:30,3,4,False,True,0.7795808595538628,0.3890300994305589,False,4,272,0.8658239480803456,0.785,0.785,38739,32667,Consistent Gradual,0.525,0.69,H,1,0
TOT_EVE_2022-23,2022-23,21,2022-12-24,TOT,EVE,big_six,smaller_club,Tottenham Hotspur Stadium,62850,False,4,20,38,8,0.4691891891891892,European Spot,0.0,0.4691891891891892,0.3396289926289926,0.0,18,0.5864864864864865,Saturday 15:00,1,3,False,False,0.631339063404035,0.3723912708344709,False,4,22,0.688103333298218,0.804,0.804,61199,52165,Consistent Gradual,0.525,0.69,H,2,0
MUN_CPL_2022-23,2022-23,21,2022-12-24,MUN,CPL,big_six,established_mid,Old Trafford,74310,False,2,16,43,21,0.4691891891891892,European Spot,0.0,0.4691891891891892,0.3326977886977887,0.0,18,0.5864864864864865,Saturday 15:00,1,4,False,False,0.7839557743448105,0.41826563751399837,False,4,196,0.4929068501929978,0.893,0.893,74566,63163,Consistent Gradual,0.525,0.69,D,1,1
AVL_FUL_2022-23,2022-23,21,2022-12-24,AVL,FUL,established_mid,established_mid,Villa Park,42682,False,8,14,32,23,0.3551202578725514,European Spot,0.3551202578725514,0.0,0.3188353808353809,0.31670270270270273,18,0.5864864864864865,Sunday 14:00,2,4,False,False,0.6291125713003023,0.2726930859924261,False,3,183,0.6982030483117148,0.74,0.74,39124,26462,Consistent Gradual,0.525,0.69,H,0,2
NEW_WOL_2022-23,2022-23,21,2022-12-24,NEW,WOL,established_mid,established_mid,St. James Park,52305,False,12,13,25,24,0.3228365980659559,European Spot,0.3228365980659559,0.0,0.0,0.0,18,0.5864864864864865,Sunday 16:30,3,2,False,False,0.6629561521710596,0.43473211920527555,False,3,289,0.7510062676268587,1.0,1.013,52628,36613,Consistent Gradual,0.525,0.69,A,1,0
WHU_BHA_2022-23,2022-23,21,2022-12-24,WHU,BHA,established_mid,established_mid,London Stadium,62500,False,19,7,12,33,0.3673538083538084,European Spot,0.0,0.0,0.3673538083538084,0.3225675675675676,18,0.5864864864864865,Sunday 14:00,2,2,False,False,0.34174704715387383,0.5509740297986183,False,4,310,0.5775110966279244,0.783,0.783,56815,36250,Consistent Gradual,0.525,0.69,A,2,1
BOU_ARS_2022-23,2022-23,22,2022-12-31,BOU,ARS,smaller_club,big_six,Vitality Stadium,11307,False,18,2,14,46,0.48864864864864865,European Spot,0.0,0.48864864864864865,0.397027027027027,0.0,17,0.6108108108108108,Saturday 17:30,3,3,False,False,0.3291103582252007,0.8109878110679776,False,4,413,0.8585719084556112,0.788,0.788,9978,5653,Early Surge,0.839,0.937,H,0,1
LEI_IPS_2022-23,2022-23,22,2022-12-31,LEI,IPS,smaller_club,smaller_club,King Power Stadium,32261,False,12,17,25,17,0.3741216216216216,European Spot,0.0,0.0,0.3741216216216216,0.0,17,0.6108108108108108,Saturday 15:00,1,3,False,False,0.3818342620074444,0.3480532503556882,False,1,112,0.6747982426464242,0.616,0.616,27517,19356,Consistent Gradual,0.525,0.69,H,3,2
NFO_SOU_2022-23,2022-23,22,2022-12-31,NFO,SOU,smaller_club,smaller_club,City Ground,30445,False,11,9,27,28,0.3202309105221726,European Spot,0.3202309105221726,0.0,0.0,0.2842619542619543,17,0.6108108108108108,Saturday 12:30,4,3,False,False,0.40462725817326956,0.6110075283254304,False,1,245,0.7921808177723669,0.659,0.659,26249,17658,Consistent Gradual,0.525,0.69,D,1,1
BRE_MCI_2022-23,2022-23,22,2022-12-31,BRE,MCI,smaller_club,big_six,Gtech Community Stadium,17250,False,15,5,23,40,0.4792515592515592,European Spot,0.0,0.4792515592515592,0.32831081081081076,0.0,17,0.6108108108108108,Saturday 15:00,1,3,False,False,0.2723210696013912,0.4238468637390469,False,5,281,0.6958992960237395,0.808,0.808,15553,9487,Early Surge,0.839,0.937,D,2,2
EVE_LIV_2022-23,2022-23,22,2022-12-31,EVE,LIV,smaller_club,big_six,Goodison Park,39414,True,20,6,8,36,0.44166320166320167,European Spot,0.0,0.44166320166320167,0.3512162162162162,0.33594594594594596,17,0.6108108108108108,Sunday 14:00,2,4,False,False,0.2606738895841296,0.5037882706136366,False,5,371,0.7473810492573463,1.0,1.1,40199,25619,Early Surge,0.839,0.937,A,1,1
CPL_CHE_2022-23,2022-23,22,2022-12-31,CPL,CHE,established_mid,big_six,Selhurst Park,25486,False,16,1,22,52,0.48864864864864865,European Spot,0.0,0.48864864864864865,0.33594594594594596,0.0,17,0.6108108108108108,Saturday 15:00,1,4,False,False,0.44278594625979883,0.845706601687704,False,4,357,0.5413681240210544,0.797,0.797,23632,15291,Early Surge,0.839,0.937,H,2,0
FUL_TOT_2022-23,2022-23,22,2022-12-31,FUL,TOT,established_mid,big_six,Craven Cottage,29600,False,14,4,23,41,0.48864864864864865,European Spot,0.0,0.48864864864864865,0.32831081081081076,0.0,17,0.6108108108108108,Friday 20:00,2,3,False,True,0.19088516019469826,0.7419373443828244,False,4,108,0.7384537005273035,0.789,0.789,26928,16280,Early Surge,0.839,0.937,D,1,1
WOL_MUN_2022-23,2022-23,22,2022-12-31,WOL,MUN,established_mid,big_six,Molineux,32050,False,10,3,27,44,0.48864864864864865,European Spot,0.41511414326948304,0.48864864864864865,0.0,0.33594594594594596,17,0.6108108108108108,Saturday 15:00,1,2,False,False,0.6043124834436928,0.6987690420413672,False,4,212,0.6044185170718874,0.939,0.939,31513,19230,Early Surge,0.839,0.937,H,3,0
BHA_AVL_2022-23,2022-23,22,2022-12-31,BHA,AVL,established_mid,established_mid,Amex Stadium,31800,False,7,8,36,35,0.41511414326948304,European Spot,0.41511414326948304,0.0,0.0,0.33594594594594596,17,0.6108108108108108,Sunday 16:30,3,4,False,False,0.6856818208590327,0.7403787999102116,False,4,337,0.4365912420576418,0.803,0.803,29456,20670,Consistent Gradual,0.525,0.69,A,0,4
WHU_NEW_2022-23,2022-23,22,2022-12-31,WHU,NEW,established_mid,established_mid,London Stadium,62500,False,19,13,12,25,0.3817567567567568,European Spot,0.0,0.0,0.3817567567567568,0.0,17,0.6108108108108108,Sunday 14:00,2,2,False,True,0.23922293300771166,0.4640693065197417,False,4,303,0.5534358866213549,0.728,0.728,55314,36250,Consistent Gradual,0.525,0.69,A,0,3
ARS_LEI_2022-23,2022-23,23,2023-01-07,ARS,LEI,big_six,smaller_club,Emirates Stadium,60704,False,2,12,46,28,0.5081081081081081,High Stakes,0.4387015881861243,0.5081081081081081,0.0,0.0,16,0.6351351351351352,Sunday 14:00,2,4,False,False,0.5676914677475843,0.567283983405211,False,5,47,0.4986197763750598,0.84,0.84,61485,53419,Consistent Gradual,0.525,0.69,H,2,0
BOU_NFO_2022-23,2022-23,23,2023-01-07,BOU,NFO,smaller_club,smaller_club,Vitality Stadium,11307,False,18,11,17,28,0.4128378378378379,European Spot,0.0,0.0,0.4128378378378379,0.0,16,0.6351351351351352,Sunday 16:30,3,4,False,False,0.5303772507576404,0.4332390807212887,False,1,358,0.4399571675714711,0.56,0.56,8608,5653,Consistent Gradual,0.525,0.69,A,0,2
IPS_BRE_2022-23,2022-23,23,2023-01-07,IPS,BRE,smaller_club,smaller_club,Portman Road,30000,False,17,16,17,24,0.5009055447199778,High Stakes,0.0,0.0,0.5009055447199778,0.0,16,0.6351351351351352,Saturday 15:00,1,2,False,False,0.2436372752489817,0.3406247487209738,False,1,199,0.6431467153399328,0.603,0.603,24729,16500,Consistent Gradual,0.525,0.69,H,1,1
SOU_EVE_2022-23,2022-23,23,2023-01-07,SOU,EVE,smaller_club,smaller_club,St. Mary's Stadium,32384,False,10,20,29,8,0.3370104798676228,European Spot,0.0,0.0,0.3370104798676228,0.28516271373414237,16,0.6351351351351352,Sunday 14:00,2,3,False,False,0.5777052698278012,0.18247172270889073,False,1,291,0.8605365301905086,0.523,0.523,25307,17811,Consistent Gradual,0.525,0.69,H,3,1
MCI_CPL_2022-23,2022-23,23,2023-01-07,MCI,CPL,big_six,established_mid,Etihad Stadium,53400,False,5,14,41,25,0.49773855488141205,European Spot,0.0,0.49773855488141205,0.34543574186431336,0.0,16,0.6351351351351352,Saturday 15:00,1,4,False,False,0.44669280461733285,0.6099501623818592,False,5,9,0.7273488758512645,0.883,0.883,52700,43788,Consistent Gradual,0.525,0.69,D,2,2
LIV_FUL_2022-23,2022-23,23,2023-01-07,LIV,FUL,big_six,established_mid,Anfield,61276,False,6,15,39,24,0.47699944842802,European Spot,0.0,0.47699944842802,0.35386100386100394,0.34932432432432436,16,0.6351351351351352,Saturday 15:00,1,4,False,False,0.6526517894295456,0.2836196121362887,False,5,58,0.4317501465982186,0.911,0.911,63623,55148,Consistent Gradual,0.525,0.69,H,1,1
CHE_WOL_2022-23,2022-23,23,2023-01-07,CHE,WOL,big_six,established_mid,Stamford Bridge,40834,False,1,9,52,30,0.5081081081081081,High Stakes,0.49108386737252724,0.5081081081081081,0.0,0.34932432432432436,16,0.6351351351351352,Sunday 14:00,2,4,False,False,0.5919946211813927,0.723018738410585,False,4,83,0.6310074082084474,0.929,0.929,39950,32667,Consistent Gradual,0.525,0.69,D,1,1
TOT_BHA_2022-23,2022-23,23,2023-01-07,TOT,BHA,big_six,established_mid,Tottenham Hotspur Stadium,62850,False,4,8,42,36,0.5081081081081081,High Stakes,0.46489272777932583,0.5081081081081081,0.0,0.34932432432432436,16,0.6351351351351352,Sunday 14:00,2,3,False,False,0.6693561410679771,0.4799772746013229,False,5,29,0.8943228355679858,1.0,1.019,63476,52165,Consistent Gradual,0.525,0.69,H,2,0
MUN_WHU_2022-23,2022-23,23,2023-01-07,MUN,WHU,big_six,established_mid,Old Trafford,74310,False,3,19,44,12,0.5081081081081081,High Stakes,0.0,0.5081081081081081,0.37071152785438505,0.0,16,0.6351351351351352,Sunday 14:00,2,3,False,False,0.489138329428957,0.16745605310539816,False,5,100,0.48904090139230705,1.0,1.04,75793,63163,Consistent Gradual,0.525,0.69,D,2,2
AVL_NEW_2022-23,2022-23,23,2023-01-07,AVL,NEW,established_mid,established_mid,Villa Park,42682,False,7,13,38,28,0.38631930899972144,European Spot,0.38631930899972144,0.0,0.0,0.34932432432432436,16,0.6351351351351352,Sunday 16:30,3,2,False,False,0.818265159937148,0.6248485145638192,False,4,412,0.6901597432946416,0.898,0.898,41532,26462,Consistent Gradual,0.525,0.69,H,0,0
NFO_ARS_2022-23,2022-23,24,2023-01-14,NFO,ARS,smaller_club,big_six,City Ground,30445,False,11,2,31,49,0.5275675675675676,High Stakes,0.4710424710424711,0.5275675675675676,0.0,0.0,15,0.6594594594594595,Sunday 14:00,2,3,False,False,0.603267356504902,0.697384027423309,False,5,318,0.5736067782707455,0.903,0.903,29200,17658,Early Surge,0.839,0.937,D,0,0
BRE_LEI_2022-23,2022-23,24,2023-01-14,BRE,LEI,smaller_club,smaller_club,Gtech Community Stadium,17250,False,16,12,24,28,0.3634195064629847,European Spot,0.0,0.0,0.3634195064629847,0.0,15,0.6594594594594595,Saturday 15:00,1,4,False,False,0.23843732410468166,0.3970987883836477,False,2,338,0.8740477851663166,0.542,0.542,13586,9487,Consistent Gradual,0.525,0.69,A,2,3
EVE_BOU_2022-23,2022-23,24,2023-01-14,EVE,BOU,smaller_club,smaller_club,Goodison Park,39414,False,20,18,8,17,0.505102465102465,High Stakes,0.0,0.0,0.505102465102465,0.0,15,0.6594594594594595,Saturday 15:00,1,3,False,False,0.1277302058962235,0.3712640755303483,False,1,203,0.6390349656352989,0.683,0.683,35394,25619,Consistent Gradual,0.525,0.69,D,2,2
CPL_IPS_2022-23,2022-23,24,2023-01-14,CPL,IPS,established_mid,smaller_club,Selhurst Park,25486,False,14,17,26,20,0.48662310662310665,European Spot,0.0,0.0,0.48662310662310665,0.0,15,0.6594594594594595,Saturday 15:00,1,3,False,False,0.5769651136673014,0.47054609267428715,False,1,266,0.5997690364248387,0.616,0.616,21567,15291,Consistent Gradual,0.525,0.69,H,1,0
FUL_SOU_2022-23,2022-23,24,2023-01-14,FUL,SOU,established_mid,smaller_club,Craven Cottage,29600,False,15,9,24,32,0.3634195064629847,European Spot,0.0,0.0,0.3634195064629847,0.29173913043478267,15,0.6594594594594595,Sunday 16:30,3,4,False,False,0.1985337284954021,0.7043936888794609,False,1,123,0.6876151018563351,0.603,0.603,24037,16280,Consistent Gradual,0.525,0.69,A,0,3
WOL_MCI_2022-23,2022-23,24,2023-01-14,WOL,MCI,established_mid,big_six,Molineux,32050,False,10,6,31,42,0.49316098707403067,European Spot,0.4203148203148203,0.49316098707403067,0.0,0.3627027027027028,15,0.6594594594594595,Monday 20:00,2,4,False,False,0.6561131168874095,0.46268496323213293,False,5,314,0.7842931013681029,0.754,0.754,28881,19230,Early Surge,0.839,0.937,D,0,0
BHA_LIV_2022-23,2022-23,24,2023-01-14,BHA,LIV,established_mid,big_six,Amex Stadium,31800,False,8,5,36,42,0.49316098707403067,European Spot,0.4565488565488566,0.49316098707403067,0.0,0.3627027027027028,15,0.6594594594594595,Saturday 12:30,4,3,False,False,0.335984092220926,0.7568562526006819,False,6,408,0.7355654145776429,1.0,1.045,31480,20670,Early Surge,0.839,0.937,H,2,0
WHU_CHE_2022-23,2022-23,24,2023-01-14,WHU,CHE,established_mid,big_six,London Stadium,62500,False,19,1,13,53,0.5275675675675676,High Stakes,0.0,0.5275675675675676,0.39137485311398357,0.0,15,0.6594594594594595,Sunday 14:00,2,3,False,False,0.2672192371737787,0.5643962348269749,False,5,124,0.5666267304857788,0.929,0.929,60630,36250,Early Surge,0.839,0.937,H,4,1
NEW_TOT_2022-23,2022-23,24,2023-01-14,NEW,TOT,established_mid,big_six,St. James Park,52305,False,13,4,28,45,0.5275675675675676,High Stakes,0.0,0.5275675675675676,0.0,0.0,15,0.6594594594594595,Sunday 14:00,2,3,False,False,0.4373939601946734,0.7685492987475839,False,5,87,0.7527198103691572,1.0,1.1,52826,36613,Early Surge,0.839,0.937,A,2,4
AVL_MUN_2022-23,2022-23,24,2023-01-14,AVL,MUN,established_mid,big_six,Villa Park,42682,False,7,3,41,45,0.5275675675675676,High Stakes,0.5145233145233146,0.5275675675675676,0.0,0.3627027027027028,15,0.6594594594594595,Sunday 14:00,2,3,False,False,0.8727856119560036,0.49239683060026984,False,5,107,0.6104924931650957,1.0,1.006,43073,26462,Early Surge,0.839,0.937,A,1,0
ARS_BRE_2022-23,2022-23,25,2023-01-21,ARS,BRE,big_six,smaller_club,Emirates Stadium,60704,False,2,16,50,24,0.5470270270270271,High Stakes,0.0,0.5470270270270271,0.38244186046511625,0.0,14,0.6837837837837838,Sunday 14:00,2,4,False,False,0.6381688191963162,0.16690612687327716,False,5,193,0.7913405662901021,0.84,0.84,61721,53419,Consistent Gradual,0.525,0.69,H,2,1
NFO_EVE_2022-23,2022-23,25,2023-01-21,NFO,EVE,smaller_club,smaller_club,City Ground,30445,False,11,20,32,9,0.35143306096794463,European Spot,0.0,0.0,0.35143306096794463,0.0,14,0.6837837837837838,Sunday 14:00,2,4,False,False,0.5722871495534314,0.23941114412735642,False,2,227,0.6660480740959775,0.569,0.569,24848,17658,Consistent Gradual,0.525,0.69,H,1,2
LEI_CPL_2022-23,2022-23,25,2023-01-21,LEI,CPL,smaller_club,established_mid,King Power Stadium,32261,False,12,13,31,29,0.0,Standard,0.0,0.0,0.0,0.0,14,0.6837837837837838,Saturday 15:00,1,3,False,False,0.5779691518685534,0.703875579567111,False,2,424,0.6900189582144204,0.665,0.665,28048,19356,Consistent Gradual,0.525,0.69,D,2,2
BOU_FUL_2022-23,2022-23,25,2023-01-21,BOU,FUL,smaller_club,established_mid,Vitality Stadium,11307,False,18,15,18,24,0.5401891891891892,High Stakes,0.0,0.0,0.5401891891891892,0.0,14,0.6837837837837838,Saturday 15:00,1,4,False,False,0.40988485287124377,0.13897360994678146,False,1,248,0.6689260991150381,0.644,0.644,9123,5653,Consistent Gradual,0.525,0.69,H,2,0
IPS_WOL_2022-23,2022-23,25,2023-01-21,IPS,WOL,smaller_club,established_mid,Portman Road,30000,False,17,10,20,32,0.42378692646134514,European Spot,0.0,0.0,0.42378692646134514,0.2973664362036455,14,0.6837837837837838,Saturday 15:00,1,2,False,False,0.329382264872001,0.6092791818211866,False,1,28,0.5173431085784465,0.661,0.661,25897,16500,Consistent Gradual,0.525,0.69,D,1,1
SOU_BHA_2022-23,2022-23,25,2023-01-21,SOU,BHA,smaller_club,established_mid,St. Mary's Stadium,32384,False,9,8,35,39,0.42635930047694753,European Spot,0.42635930047694753,0.0,0.0,0.35858893777498435,14,0.6837837837837838,Saturday 17:30,3,2,False,False,0.7930755822156226,0.5351888645546482,False,2,386,0.45058953683123126,0.652,0.652,27542,17811,Consistent Gradual,0.525,0.69,A,2,0
MCI_WHU_2022-23,2022-23,25,2023-01-21,MCI,WHU,big_six,established_mid,Etihad Stadium,53400,False,5,19,43,16,0.4834192331866751,European Spot,0.0,0.4834192331866751,0.42378692646134514,0.0,14,0.6837837837837838,Saturday 12:30,4,2,False,False,0.473879474262493,0.48705346602164507,False,6,341,0.7898260966845273,1.0,1.1,53933,43788,Consistent Gradual,0.525,0.69,D,1,1
LIV_NEW_2022-23,2022-23,25,2023-01-21,LIV,NEW,big_six,established_mid,Anfield,61276,False,6,14,42,28,0.47069767441860466,European Spot,0.0,0.47069767441860466,0.3410967944688876,0.3760810810810811,14,0.6837837837837838,Saturday 15:00,1,2,False,True,0.5297993768204773,0.3061757721362714,False,6,193,0.8242443496257478,1.0,1.097,64337,55148,Consistent Gradual,0.525,0.69,H,4,1
CHE_AVL_2022-23,2022-23,25,2023-01-21,CHE,AVL,big_six,established_mid,Stamford Bridge,40834,False,1,7,53,41,0.5872496025437203,High Stakes,0.5872496025437203,0.5470270270270271,0.0,0.3760810810810811,14,0.6837837837837838,Sunday 14:00,2,4,False,False,0.3950773643788824,0.6109499283692025,False,5,383,0.4755544908907415,0.929,0.929,39727,32667,Consistent Gradual,0.525,0.69,H,4,1
TOT_MUN_2022-23,2022-23,25,2023-01-21,TOT,MUN,big_six,big_six,Tottenham Hotspur Stadium,62850,True,3,4,48,48,0.6033386327503975,High Stakes,0.6033386327503975,0.5470270270270271,0.0,0.0,14,0.6837837837837838,Sunday 16:30,3,4,False,True,0.8379845091233087,0.6446777814201888,False,6,408,0.4999692327223735,1.0,1.1,63476,52165,Immediate Sellout,1.0,1.0,D,3,3
EVE_ARS_2022-23,2022-23,26,2023-01-28,EVE,ARS,smaller_club,big_six,Goodison Park,39414,False,20,2,9,53,0.5664864864864865,High Stakes,0.0,0.5664864864864865,0.32218918918918915,0.0,13,0.7081081081081081,Sunday 14:00,2,2,False,False,0.16758780088914949,0.7467181734374213,False,5,212,0.6833560216668442,1.0,1.034,40185,25619,Early Surge,0.839,0.937,A,2,2
CPL_BRE_2022-23,2022-23,26,2023-01-28,CPL,BRE,established_mid,smaller_club,Selhurst Park,25486,False,13,16,30,24,0.42575,European Spot,0.0,0.0,0.42575,0.0,13,0.7081081081081081,Monday 20:00,2,4,False,False,0.6427129056969777,0.116834288811294,False,2,142,0.43965019310417186,0.528,0.528,21108,15291,Consistent Gradual,0.525,0.69,H,3,2
FUL_NFO_2022-23,2022-23,26,2023-01-28,FUL,NFO,established_mid,smaller_club,Craven Cottage,29600,False,15,9,24,35,0.42575,European Spot,0.0,0.0,0.42575,0.32130405405405404,13,0.7081081081081081,Sunday 14:00,2,3,False,False,0.09728152696274701,0.7006010046874019,False,2,53,0.7539463368275015,0.611,0.611,24343,16280,Consistent Gradual,0.525,0.69,A,1,1
WOL_LEI_2022-23,2022-23,26,2023-01-28,WOL,LEI,established_mid,smaller_club,Molineux,32050,False,11,12,33,32,0.0,Standard,0.0,0.0,0.0,0.0,13,0.7081081081081081,Saturday 12:30,4,4,False,False,0.5764954272748306,0.5545784063079873,False,2,196,0.874751835839479,0.601,0.601,27218,19230,Flat/Slow,0.47,0.574,H,2,2
BHA_BOU_2022-23,2022-23,26,2023-01-28,BHA,BOU,established_mid,smaller_club,Amex Stadium,31800,False,7,18,42,21,0.4602702702702703,European Spot,0.0,0.0,0.4602702702702703,0.3894594594594595,13,0.7081081081081081,Sunday 14:00,2,3,False,True,0.6746322051882537,0.5869193970098706,False,2,306,0.8621828097094311,0.649,0.649,27545,20670,Consistent Gradual,0.525,0.69,H,0,0
WHU_IPS_2022-23,2022-23,26,2023-01-28,WHU,IPS,established_mid,smaller_club,London Stadium,62500,False,19,17,17,21,0.5714163530619226,High Stakes,0.0,0.0,0.5714163530619226,0.0,13,0.7081081081081081,Saturday 15:00,1,2,False,False,0.4909374262151516,0.3805675854104007,False,2,55,0.8486576479509759,0.7,0.7,54731,36250,Early Surge,0.839,0.937,H,2,2
NEW_SOU_2022-23,2022-23,26,2023-01-28,NEW,SOU,established_mid,smaller_club,St. James Park,52305,False,14,10,28,35,0.37972297297297297,European Spot,0.0,0.0,0.37972297297297297,0.32130405405405404,13,0.7081081081081081,Monday 20:00,2,3,False,False,0.21432304049538997,0.5551529075509357,False,2,411,0.43244327809049266,0.692,0.692,47540,36613,Consistent Gradual,0.525,0.69,D,0,0
AVL_MCI_2022-23,2022-23,26,2023-01-28,AVL,MCI,established_mid,big_six,Villa Park,42682,False,8,6,41,44,0.49567567567567566,European Spot,0.46609647622305844,0.49567567567567566,0.0,0.3894594594594595,13,0.7081081081081081,Saturday 15:00,1,4,False,False,0.4276649498584417,0.4817156319837451,False,6,449,0.83522930837576,0.863,0.863,40490,26462,Early Surge,0.839,0.937,A,2,3
MUN_LIV_2022-23,2022-23,26,2023-01-28,MUN,LIV,big_six,big_six,Old Trafford,74310,True,4,5,49,45,0.5664864864864865,High Stakes,0.5467670201847417,0.5664864864864865,0.0,0.0,13,0.7081081081081081,Sunday 16:30,3,2,False,False,0.6012744469941321,0.6708595637743341,False,7,283,0.5244207190470996,1.0,1.1,75793,63163,Immediate Sellout,1.0,1.0,A,1,1
TOT_CHE_2022-23,2022-23,26,2023-01-28,TOT,CHE,big_six,big_six,Tottenham Hotspur Stadium,62850,True,3,1,49,56,0.6453643516934656,High Stakes,0.6453643516934656,0.5664864864864865,0.0,0.0,13,0.7081081081081081,Saturday 12:30,4,4,False,False,0.7365891563863161,0.5765541550652177,False,6,18,0.5490292225407305,1.0,1.1,63476,52165,Immediate Sellout,1.0,1.0,A,1,3
ARS_CPL_2022-23,2022-23,27,2023-02-04,ARS,CPL,big_six,established_mid,Emirates Stadium,60704,False,2,12,56,33,0.585945945945946,High Stakes,0.0,0.585945945945946,0.0,0.0,12,0.7324324324324324,Sunday 14:00,2,4,False,False,0.8227027214061948,0.7498990339878844,False,5,257,0.458344001346099,0.98,0.98,62750,53419,Consistent Gradual,0.525,0.69,D,1,1
EVE_FUL_2022-23,2022-23,27,2023-02-04,EVE,FUL,smaller_club,established_mid,Goodison Park,39414,False,20,15,9,24,0.4946427249166975,European Spot,0.0,0.0,0.4946427249166975,0.0,12,0.7324324324324324,Sunday 14:00,2,4,False,False,0.11731146062240463,0.0680970688739229,False,2,275,0.4085193912527889,0.711,0.711,35829,25619,Consistent Gradual,0.525,0.69,D,3,3
BRE_WOL_2022-23,2022-23,27,2023-02-04,BRE,WOL,smaller_club,established_mid,Gtech Community Stadium,17250,False,16,10,24,36,0.4374799123447771,European Spot,0.0,0.0,0.4374799123447771,0.3048502556610665,12,0.7324324324324324,Sunday 14:00,2,2,False,False,0.0817840021679058,0.7035467990923814,False,2,429,0.8671213731319697,0.739,0.739,15025,9487,Consistent Gradual,0.525,0.69,A,0,3
NFO_BHA_2022-23,2022-23,27,2023-02-04,NFO,BHA,smaller_club,established_mid,City Ground,30445,False,9,7,38,45,0.40283783783783783,European Spot,0.0,0.0,0.0,0.40283783783783783,12,0.7324324324324324,Sunday 14:00,2,2,False,False,0.7904207032811813,0.7722425436317776,False,3,350,0.5558218903636727,0.761,0.761,27340,17658,Consistent Gradual,0.525,0.69,A,0,4
LEI_WHU_2022-23,2022-23,27,2023-02-04,LEI,WHU,smaller_club,established_mid,King Power Stadium,32261,False,13,19,32,20,0.4632140248356465,European Spot,0.0,0.0,0.4632140248356465,0.0,12,0.7324324324324324,Sunday 14:00,2,2,False,False,0.3882048844155911,0.6436561983506061,False,3,10,0.45204179720259535,0.783,0.783,30054,19356,Consistent Gradual,0.525,0.69,A,0,1
BOU_NEW_2022-23,2022-23,27,2023-02-04,BOU,NEW,smaller_club,established_mid,Vitality Stadium,11307,False,18,14,21,29,0.5543409848204368,High Stakes,0.0,0.0,0.5543409848204368,0.0,12,0.7324324324324324,Saturday 15:00,1,4,False,False,0.4108435779069094,0.300026128346773,False,2,167,0.6477564914062062,0.644,0.644,9021,5653,Consistent Gradual,0.525,0.69,A,0,1
IPS_AVL_2022-23,2022-23,27,2023-02-04,IPS,AVL,smaller_club,established_mid,Portman Road,30000,False,17,8,21,41,0.47608108108108105,European Spot,0.0,0.0,0.47608108108108105,0.35928780131482835,12,0.7324324324324324,Saturday 15:00,1,4,False,False,0.2663973097872805,0.2993654649009092,False,2,10,0.7538382009554885,0.577,0.577,24536,16500,Consistent Gradual,0.525,0.69,H,3,2
SOU_MUN_2022-23,2022-23,27,2023-02-04,SOU,MUN,smaller_club,big_six,St. Mary's Stadium,32384,False,11,3,36,49,0.585945945945946,High Stakes,0.0,0.585945945945946,0.0,0.0,12,0.7324324324324324,Sunday 14:00,2,2,False,False,0.538607035285655,0.42089211289589246,False,3,128,0.5278066893836781,0.827,0.827,30432,17811,Early Surge,0.839,0.937,D,3,3
MCI_TOT_2022-23,2022-23,27,2023-02-04,MCI,TOT,big_six,big_six,Etihad Stadium,53400,False,6,4,47,49,0.585945945945946,High Stakes,0.5116993706034801,0.585945945945946,0.0,0.40283783783783783,12,0.7324324324324324,Saturday 12:30,4,3,False,False,0.6372009423886216,0.5156124094704212,False,7,180,0.6710782522120379,1.0,1.1,53933,43788,Immediate Sellout,1.0,1.0,D,3,3
LIV_CHE_2022-23,2022-23,27,2023-02-04,LIV,CHE,big_six,big_six,Anfield,61276,False,5,1,48,59,0.6220659015179564,High Stakes,0.6220659015179564,0.585945945945946,0.0,0.0,12,0.7324324324324324,Saturday 12:30,4,2,False,True,0.7696016946420339,0.7035879085456523,False,7,180,0.7929054053361015,1.0,1.1,64337,55148,Immediate Sellout,1.0,1.0,A,2,1
FUL_ARS_2022-23,2022-23,28,2023-02-11,FUL,ARS,established_mid,big_six,Craven Cottage,29600,False,15,2,25,57,0.6054054054054054,High Stakes,0.0,0.6054054054054054,0.46295707472178066,0.0,11,0.7567567567567568,Sunday 14:00,2,3,False,False,0.19766794821174602,0.7258919049843363,False,5,310,0.6457492356004078,0.903,0.903,28395,16280,Early Surge,0.839,0.937,D,3,3
WOL_CPL_2022-23,2022-23,28,2023-02-11,WOL,CPL,established_mid,established_mid,Molineux,32050,False,9,12,39,34,0.3060413354531002,European Spot,0.0,0.0,0.0,0.3060413354531002,11,0.7567567567567568,Sunday 14:00,2,3,False,True,0.7924827593646669,0.674929323791519,False,2,21,0.6668273068714532,0.701,0.701,28526,19230,Consistent Gradual,0.525,0.69,A,2,0
BHA_EVE_2022-23,2022-23,28,2023-02-11,BHA,EVE,established_mid,smaller_club,Amex Stadium,31800,False,7,20,48,10,0.4162162162162163,European Spot,0.0,0.0,0.30381558028616856,0.4162162162162163,11,0.7567567567567568,Saturday 12:30,4,3,False,False,0.8405697805422443,0.23211802243568325,False,3,207,0.6797806364183641,0.753,0.753,28860,20670,Consistent Gradual,0.525,0.69,H,4,2
WHU_BRE_2022-23,2022-23,28,2023-02-11,WHU,BRE,established_mid,smaller_club,London Stadium,62500,False,18,17,23,24,0.6336425978217023,High Stakes,0.0,0.0,0.6336425978217023,0.0,11,0.7567567567567568,Saturday 15:00,1,2,False,False,0.7505593388454241,0.05724880151753405,False,3,333,0.7782708180679137,0.7,0.7,54416,36250,Early Surge,0.839,0.937,H,0,2
NEW_NFO_2022-23,2022-23,28,2023-02-11,NEW,NFO,established_mid,smaller_club,St. James Park,52305,False,14,10,32,38,0.36168521462639114,European Spot,0.0,0.0,0.36168521462639114,0.2937996820349762,11,0.7567567567567568,Sunday 16:30,3,3,False,False,0.5100182898427411,0.5532944922968269,False,3,368,0.5751793739703671,0.813,0.813,49575,36613,Consistent Gradual,0.525,0.69,H,3,0
AVL_LEI_2022-23,2022-23,28,2023-02-11,AVL,LEI,established_mid,smaller_club,Villa Park,42682,False,8,13,41,32,0.33052464228934825,European Spot,0.0,0.0,0.0,0.33052464228934825,11,0.7567567567567568,Saturday 17:30,3,2,False,False,0.20955582543063644,0.27174341909091376,False,3,156,0.8233018799834629,0.727,0.727,38353,26462,Consistent Gradual,0.525,0.69,D,2,2
MUN_BOU_2022-23,2022-23,28,2023-02-11,MUN,BOU,big_six,smaller_club,Old Trafford,74310,False,3,19,50,21,0.6054054054054054,High Stakes,0.0,0.6054054054054054,0.46295707472178066,0.0,11,0.7567567567567568,Sunday 14:00,2,3,False,False,0.44462447902712465,0.28759050453483653,False,3,13,0.5805188309328624,0.892,0.892,74472,63163,Consistent Gradual,0.525,0.69,D,3,3
TOT_IPS_2022-23,2022-23,28,2023-02-11,TOT,IPS,big_six,smaller_club,Tottenham Hotspur Stadium,62850,False,4,16,50,24,0.6054054054054054,High Stakes,0.0,0.6054054054054054,0.47742448330683623,0.0,11,0.7567567567567568,Sunday 14:00,2,3,False,False,0.5109286866292948,0.4864781168510963,False,3,79,0.8479291503594008,0.873,0.873,61936,52165,Consistent Gradual,0.525,0.69,H,2,0
CHE_SOU_2022-23,2022-23,28,2023-02-11,CHE,SOU,big_six,smaller_club,Stamford Bridge,40834,False,1,11,62,37,0.6054054054054054,High Stakes,0.0,0.6054054054054054,0.0,0.0,11,0.7567567567567568,Sunday 14:00,2,2,False,False,0.7925115359819566,0.5270249246999584,False,3,141,0.5866235390562726,0.913,0.913,39843,32667,Consistent Gradual,0.525,0.69,H,1,1
LIV_MCI_2022-23,2022-23,28,2023-02-11,LIV,MCI,big_six,big_six,Anfield,61276,True,5,6,48,48,0.5697933227344992,High Stakes,0.4405002016942316,0.5697933227344992,0.0,0.4162162162162163,11,0.7567567567567568,Saturday 12:30,4,4,False,False,0.5387211862494237,0.596040659672035,False,8,240,0.8489464813203594,1.0,1.1,64337,55148,Immediate Sellout,1.0,1.0,D,3,3
ARS_WOL_2022-23,2022-23,29,2023-02-18,ARS,WOL,big_six,established_mid,Emirates Stadium,60704,False,2,9,58,39,0.6248648648648649,High Stakes,0.0,0.6248648648648649,0.0,0.42959459459459465,10,0.7810810810810811,Sunday 14:00,2,4,False,False,0.6581243334890354,0.5547379315552668,False,5,254,0.704156997177161,0.98,0.98,62960,53419,Consistent Gradual,0.525,0.69,H,3,2
FUL_BHA_2022-23,2022-23,29,2023-02-18,FUL,BHA,established_mid,established_mid,Craven Cottage,29600,False,15,5,26,51,0.6248648648648649,High Stakes,0.0,0.6248648648648649,0.4749476896251091,0.0,10,0.7810810810810811,Midweek Tue/Wed 20:00,2,3,False,False,0.2883675637482222,0.8883988463795709,False,3,372,0.7744658857051813,0.759,0.759,26442,16280,Early Surge,0.839,0.937,A,0,4
CPL_WHU_2022-23,2022-23,29,2023-02-18,CPL,WHU,established_mid,established_mid,Selhurst Park,25486,False,12,16,37,26,0.4749476896251091,European Spot,0.0,0.0,0.4749476896251091,0.0,10,0.7810810810810811,Sunday 16:30,3,2,False,False,0.7724505266540633,0.8253915371917968,False,3,19,0.5774219378584444,0.829,0.829,23892,15291,Consistent Gradual,0.525,0.69,A,0,2
EVE_NEW_2022-23,2022-23,29,2023-02-18,EVE,NEW,smaller_club,established_mid,Goodison Park,39414,False,20,13,10,35,0.3275501307759372,European Spot,0.0,0.0,0.3275501307759372,0.0,10,0.7810810810810811,Friday 20:00,2,4,False,False,0.16248261570497827,0.6570128028899187,False,3,389,0.7841532529396227,0.711,0.711,35990,25619,Consistent Gradual,0.525,0.69,A,2,3
BRE_AVL_2022-23,2022-23,29,2023-02-18,BRE,AVL,smaller_club,established_mid,Gtech Community Stadium,17250,False,18,8,24,42,0.5077027027027027,High Stakes,0.0,0.0,0.5077027027027027,0.33258936355710556,10,0.7810810810810811,Midweek Tue/Wed 20:00,2,4,False,False,0.040074161062273836,0.2966890778014455,False,3,421,0.6883095821634007,0.687,0.687,14736,9487,Consistent Gradual,0.525,0.69,A,1,4
NFO_MUN_2022-23,2022-23,29,2023-02-18,NFO,MUN,smaller_club,big_six,City Ground,30445,False,10,4,38,51,0.6248648648648649,High Stakes,0.0,0.6248648648648649,0.0,0.42959459459459465,10,0.7810810810810811,Sunday 14:00,2,2,False,False,0.38730614460777885,0.46123713531898725,False,4,14,0.47688938214164706,0.965,0.965,30110,17658,Early Surge,0.839,0.937,H,1,0
LEI_TOT_2022-23,2022-23,29,2023-02-18,LEI,TOT,smaller_club,big_six,King Power Stadium,32261,False,14,3,33,53,0.6248648648648649,High Stakes,0.0,0.6248648648648649,0.36030514385353096,0.0,10,0.7810810810810811,Sunday 14:00,2,4,False,False,0.34022039336363963,0.6576500806405063,False,4,223,0.4606907664189866,0.866,0.866,30698,19356,Early Surge,0.839,0.937,D,1,1
BOU_CHE_2022-23,2022-23,29,2023-02-18,BOU,CHE,smaller_club,big_six,Vitality Stadium,11307,False,19,1,22,65,0.6248648648648649,High Stakes,0.0,0.6248648648648649,0.4749476896251091,0.0,10,0.7810810810810811,Sunday 14:00,2,3,False,False,0.35131335317438556,0.8547580751873696,False,3,23,0.637941442765533,0.839,0.839,10206,5653,Early Surge,0.839,0.937,A,1,1
IPS_LIV_2022-23,2022-23,29,2023-02-18,IPS,LIV,smaller_club,big_six,Portman Road,30000,False,17,6,24,49,0.5845510026155188,High Stakes,0.0,0.5845510026155188,0.5077027027027027,0.42959459459459465,10,0.7810810810810811,Sunday 14:00,2,2,False,False,0.3405346817957674,0.5271048303745965,False,4,364,0.7777943696539543,0.855,0.855,28483,16500,Early Surge,0.839,0.937,D,1,1
SOU_MCI_2022-23,2022-23,29,2023-02-18,SOU,MCI,smaller_club,big_six,St. Mary's Stadium,32384,False,11,7,37,49,0.42959459459459465,European Spot,0.0,0.0,0.0,0.42959459459459465,10,0.7810810810810811,Sunday 14:00,2,4,False,False,0.3689174472899709,0.5672284617704245,False,4,213,0.6095966407030075,0.677,0.677,28021,17811,Early Surge,0.839,0.937,D,2,2
BHA_ARS_2022-23,2022-23,30,2023-02-25,BHA,ARS,established_mid,big_six,Amex Stadium,31800,False,4,2,54,61,0.6443243243243244,High Stakes,0.0,0.6443243243243244,0.0,0.0,9,0.8054054054054054,Sunday 14:00,2,4,False,False,0.9218791924656995,0.7606870334423248,False,6,83,0.8563170600532044,0.962,0.962,31182,20670,Early Surge,0.839,0.937,H,4,0
WHU_WOL_2022-23,2022-23,30,2023-02-25,WHU,WOL,established_mid,established_mid,London Stadium,62500,False,15,10,29,39,0.43002895752895753,European Spot,0.0,0.0,0.43002895752895753,0.2689478764478765,9,0.8054054054054054,Midweek Tue/Wed 20:00,2,3,False,False,0.8777740760342576,0.38831655208868676,False,3,65,0.5116554742710993,0.733,0.733,55695,36250,Consistent Gradual,0.525,0.69,D,3,3
NEW_FUL_2022-23,2022-23,30,2023-02-25,NEW,FUL,established_mid,established_mid,St. James Park,52305,False,12,16,38,26,0.48611969111969117,European Spot,0.0,0.0,0.48611969111969117,0.0,9,0.8054054054054054,Saturday 12:30,4,2,False,False,0.7599089620229431,0.20185729462375554,False,3,75,0.8390716527146318,1.0,1.032,52815,36613,Consistent Gradual,0.525,0.69,H,4,0
AVL_CPL_2022-23,2022-23,30,2023-02-25,AVL,CPL,established_mid,established_mid,Villa Park,42682,False,8,13,45,37,0.3638706563706564,European Spot,0.0,0.0,0.0,0.3638706563706564,9,0.8054054054054054,Saturday 15:00,1,4,False,False,0.5076823544610118,0.5407153686578443,False,3,16,0.6389054848269277,0.725,0.725,38715,26462,Consistent Gradual,0.525,0.69,H,3,2
MUN_EVE_2022-23,2022-23,30,2023-02-25,MUN,EVE,big_six,smaller_club,Old Trafford,74310,False,5,20,51,10,0.5752895752895754,High Stakes,0.0,0.5752895752895754,0.26175675675675675,0.0,9,0.8054054054054054,Sunday 14:00,2,2,False,True,0.322865994723291,0.11373783099348478,False,4,118,0.6649927560696476,1.0,1.0,75422,63163,Consistent Gradual,0.525,0.69,H,3,2
TOT_BRE_2022-23,2022-23,30,2023-02-25,TOT,BRE,big_six,smaller_club,Tottenham Hotspur Stadium,62850,False,3,18,54,24,0.6443243243243244,High Stakes,0.0,0.6443243243243244,0.5235135135135135,0.0,9,0.8054054054054054,Sunday 14:00,2,2,False,False,0.6103550564483544,0.028051912743591683,False,4,28,0.8964850457684416,0.933,0.933,62666,52165,Consistent Gradual,0.525,0.69,H,2,1
CHE_NFO_2022-23,2022-23,30,2023-02-25,CHE,NFO,big_six,smaller_club,Stamford Bridge,40834,False,1,9,68,41,0.6443243243243244,High Stakes,0.0,0.6443243243243244,0.0,0.442972972972973,9,0.8054054054054054,Sunday 14:00,2,2,False,False,0.8983306526311587,0.5711143012254452,False,4,267,0.4325904332631743,0.913,0.913,39604,32667,Consistent Gradual,0.525,0.69,H,0,2
LIV_LEI_2022-23,2022-23,30,2023-02-25,LIV,LEI,big_six,smaller_club,Anfield,61276,False,6,14,50,34,0.5522779922779923,High Stakes,0.0,0.5522779922779923,0.3365444015444015,0.442972972972973,9,0.8054054054054054,Sunday 14:00,2,2,False,False,0.5189733812622176,0.3881542753545477,False,5,328,0.7752469863884918,0.973,0.973,64303,55148,Consistent Gradual,0.525,0.69,H,4,1
MCI_BOU_2022-23,2022-23,30,2023-02-25,MCI,BOU,big_six,smaller_club,Etihad Stadium,53400,False,7,19,50,22,0.48611969111969117,European Spot,0.0,0.0,0.48611969111969117,0.442972972972973,9,0.8054054054054054,Sunday 16:30,3,2,False,True,0.5470599232392971,0.24591934722206987,False,4,339,0.6049219005164168,0.984,0.984,53783,43788,Consistent Gradual,0.525,0.69,H,2,2
SOU_IPS_2022-23,2022-23,30,2023-02-25,SOU,IPS,smaller_club,smaller_club,St. Mary's Stadium,32384,False,11,17,38,25,0.5048166023166023,High Stakes,0.0,0.0,0.5048166023166023,0.0,9,0.8054054054054054,Saturday 15:00,1,3,False,False,0.4082422131029796,0.38837427725703716,False,0,190,0.4664018086021144,0.546,0.546,25976,17811,Consistent Gradual,0.525,0.69,A,2,0
ARS_WHU_2022-23,2022-23,31,2023-03-04,ARS,WHU,big_six,established_mid,Emirates Stadium,60704,False,2,15,61,30,0.6637837837837839,High Stakes,0.0,0.6637837837837839,0.40988648648648657,0.0,8,0.8297297297297298,Sunday 14:00,2,2,False,True,0.5324809234096273,0.7644418532239803,False,6,224,0.7145609464365252,1.0,1.1,63130,53419,Consistent Gradual,0.525,0.69,A,1,2
BHA_NEW_2022-23,2022-23,31,2023-03-04,BHA,NEW,established_mid,established_mid,Amex Stadium,31800,False,4,10,57,41,0.6637837837837839,High Stakes,0.0,0.6637837837837839,0.0,0.4563513513513514,8,0.8297297297297298,Sunday 14:00,2,1,False,False,0.9453154347259896,0.83193627341606,False,4,21,0.8725991091018352,0.966,0.966,31167,20670,Early Surge,0.839,0.937,H,1,0
WOL_AVL_2022-23,2022-23,31,2023-03-04,WOL,AVL,established_mid,established_mid,Molineux,32050,True,11,8,40,48,0.36508108108108117,European Spot,0.0,0.0,0.0,0.36508108108108117,8,0.8297297297297298,Saturday 17:30,3,1,False,False,0.4218215864620807,0.6553776481227083,False,3,314,0.6717746084735257,1.0,1.09,32368,19230,Consistent Gradual,0.525,0.69,A,1,0
FUL_MUN_2022-23,2022-23,31,2023-03-04,FUL,MUN,established_mid,big_six,Craven Cottage,29600,False,17,5,26,54,0.5841297297297298,High Stakes,0.0,0.5841297297297298,0.49617837837837847,0.0,8,0.8297297297297298,Sunday 14:00,2,2,False,False,0.14130010623662886,0.5260061963063036,False,4,430,0.7700022815062335,0.965,0.965,28950,16280,Early Surge,0.839,0.937,D,0,0
CPL_TOT_2022-23,2022-23,31,2023-03-04,CPL,TOT,established_mid,big_six,Selhurst Park,25486,False,13,3,37,57,0.6637837837837839,High Stakes,0.0,0.6637837837837839,0.0,0.0,8,0.8297297297297298,Sunday 14:00,2,2,False,False,0.378500758060491,0.727248539513848,False,4,188,0.679164045745409,0.992,0.992,25650,15291,Early Surge,0.839,0.937,D,2,2
EVE_CHE_2022-23,2022-23,31,2023-03-04,EVE,CHE,smaller_club,big_six,Goodison Park,39414,False,20,1,10,71,0.6637837837837839,High Stakes,0.0,0.6637837837837839,0.2373027027027027,0.0,8,0.8297297297297298,Sunday 14:00,2,1,False,False,0.07961648169543933,0.928831456841811,False,4,366,0.6929448847784141,1.0,1.078,40199,25619,Early Surge,0.839,0.937,A,0,0
BRE_LIV_2022-23,2022-23,31,2023-03-04,BRE,LIV,smaller_club,big_six,Gtech Community Stadium,17250,False,18,6,24,53,0.5575783783783784,High Stakes,0.0,0.5575783783783784,0.5393243243243244,0.4563513513513514,8,0.8297297297297298,Sunday 14:00,2,1,False,False,0.01963633892051418,0.6632813668835522,False,5,271,0.4740722886769668,0.977,0.977,16760,9487,Early Surge,0.839,0.937,A,2,4
NFO_MCI_2022-23,2022-23,31,2023-03-04,NFO,MCI,smaller_club,big_six,City Ground,30445,False,9,7,41,53,0.4563513513513514,European Spot,0.0,0.0,0.0,0.4563513513513514,8,0.8297297297297298,Sunday 14:00,2,2,False,False,0.39978001085781156,0.6829419462675079,False,5,84,0.791234050091195,0.906,0.906,29653,17658,Early Surge,0.839,0.937,A,2,4
LEI_SOU_2022-23,2022-23,31,2023-03-04,LEI,SOU,smaller_club,smaller_club,King Power Stadium,32261,False,14,12,34,38,0.3235945945945946,European Spot,0.0,0.0,0.3235945945945946,0.0,8,0.8297297297297298,Sunday 16:30,3,2,False,False,0.27170799274818336,0.2857695491720857,False,1,7,0.550017254623248,0.71,0.71,28811,19356,Consistent Gradual,0.525,0.69,H,0,1
BOU_IPS_2022-23,2022-23,31,2023-03-04,BOU,IPS,smaller_club,smaller_club,Vitality Stadium,11307,False,19,16,22,28,0.6189106453392168,High Stakes,0.0,0.0,0.6189106453392168,0.0,8,0.8297297297297298,Monday 20:00,2,1,False,False,0.1721435430554489,0.571861994079926,False,0,296,0.8304754789446773,0.607,0.607,9013,5653,Consistent Gradual,0.525,0.69,A,0,2
NEW_ARS_2022-23,2022-23,32,2023-03-11,NEW,ARS,established_mid,big_six,St. James Park,52305,False,10,2,41,61,0.6832432432432434,High Stakes,0.0,0.6832432432432434,0.0,0.0,7,0.8540540540540541,Sunday 14:00,2,2,False,False,0.5823553913912419,0.3727366463867391,False,6,46,0.7618315253181176,1.0,1.1,52826,36613,Early Surge,0.839,0.937,D,1,1
AVL_WHU_2022-23,2022-23,32,2023-03-11,AVL,WHU,established_mid,established_mid,Villa Park,42682,False,8,15,51,33,0.3843243243243244,European Spot,0.0,0.0,0.328034398034398,0.3843243243243244,7,0.8540540540540541,Sunday 14:00,2,2,False,False,0.7587643536858957,0.8351092972567862,False,4,115,0.7955462870758327,0.848,0.848,40899,26462,Consistent Gradual,0.525,0.69,H,1,2
MUN_BHA_2022-23,2022-23,32,2023-03-11,MUN,BHA,big_six,established_mid,Old Trafford,74310,False,7,3,55,60,0.6832432432432434,High Stakes,0.0,0.6832432432432434,0.0,0.4697297297297298,7,0.8540540540540541,Sunday 14:00,2,2,False,False,0.5182043374144125,0.9617208043081926,False,5,56,0.5016747904194807,1.0,1.1,75793,63163,Consistent Gradual,0.525,0.69,A,1,3
TOT_WOL_2022-23,2022-23,32,2023-03-11,TOT,WOL,big_six,established_mid,Tottenham Hotspur Stadium,62850,False,4,11,58,40,0.6832432432432434,High Stakes,0.0,0.6832432432432434,0.0,0.0,7,0.8540540540540541,Sunday 14:00,2,1,False,True,0.6590739776596937,0.29527511052345645,False,4,419,0.5522792645909262,1.0,1.1,63476,52165,Consistent Gradual,0.525,0.69,H,3,2
CHE_FUL_2022-23,2022-23,32,2023-03-11,CHE,FUL,big_six,established_mid,Stamford Bridge,40834,True,1,17,74,27,0.6832432432432434,High Stakes,0.0,0.6832432432432434,0.47943488943488943,0.0,7,0.8540540540540541,Sunday 14:00,2,1,False,True,0.9501820197892676,0.2489100743656402,False,4,349,0.7841980830248041,1.0,1.1,40423,32667,Immediate Sellout,1.0,1.0,H,0,2
LIV_CPL_2022-23,2022-23,32,2023-03-11,LIV,CPL,big_six,established_mid,Anfield,61276,False,5,13,56,38,0.6211302211302212,High Stakes,0.0,0.6211302211302212,0.0,0.0,7,0.8540540540540541,Sunday 14:00,2,2,False,False,0.7642969568184865,0.41495053064234366,False,5,355,0.7978630386721565,1.0,1.1,64337,55148,Consistent Gradual,0.525,0.69,H,4,1
MCI_EVE_2022-23,2022-23,32,2023-03-11,MCI,EVE,big_six,smaller_club,Etihad Stadium,53400,False,6,20,56,10,0.6211302211302212,High Stakes,0.0,0.6211302211302212,0.2018673218673219,0.4697297297297298,7,0.8540540540540541,Sunday 14:00,2,2,False,True,0.7780593623872555,0.05573153718680753,False,5,429,0.5742301329678141,0.99,0.99,53724,43788,Consistent Gradual,0.525,0.69,H,3,1
SOU_BRE_2022-23,2022-23,32,2023-03-11,SOU,BRE,smaller_club,smaller_club,St. Mary's Stadium,32384,False,12,18,38,24,0.5551351351351352,High Stakes,0.0,0.0,0.5551351351351352,0.0,7,0.8540540540540541,Saturday 15:00,1,2,False,False,0.20003868442045997,0.013745437244359924,False,1,218,0.7229993010474454,0.584,0.584,26512,17811,Consistent Gradual,0.525,0.69,D,0,0
IPS_NFO_2022-23,2022-23,32,2023-03-11,IPS,NFO,smaller_club,smaller_club,Portman Road,30000,False,16,9,31,41,0.3785012285012286,European Spot,0.0,0.0,0.3785012285012286,0.0,7,0.8540540540540541,Saturday 15:00,1,1,False,False,0.7003033958559481,0.27984600760046807,False,1,290,0.7791019786719997,0.591,0.591,24805,16500,Consistent Gradual,0.525,0.69,D,2,2
BOU_LEI_2022-23,2022-23,32,2023-03-11,BOU,LEI,smaller_club,smaller_club,Vitality Stadium,11307,False,19,14,22,37,0.5046683046683047,High Stakes,0.0,0.0,0.5046683046683047,0.0,7,0.8540540540540541,Midweek Tue/Wed 20:00,2,2,False,False,0.12050048013881423,0.49019559492372833,False,1,27,0.8713250073500571,0.645,0.645,9220,5653,Consistent Gradual,0.525,0.69,D,2,2
ARS_AVL_2022-23,2022-23,33,2023-03-18,ARS,AVL,big_six,established_mid,Emirates Stadium,60704,False,3,8,62,54,0.7027027027027027,High Stakes,0.0,0.7027027027027027,0.0,0.48310810810810817,6,0.8783783783783784,Sunday 14:00,2,1,False,False,0.4109156524707174,0.8311350475801269,False,6,144,0.7457599923323333,1.0,1.1,63130,53419,Immediate Sellout,1.0,1.0,H,0,2
NEW_MUN_2022-23,2022-23,33,2023-03-18,NEW,MUN,established_mid,big_six,St. James Park,52305,False,10,7,42,55,0.48310810810810817,European Spot,0.0,0.0,0.0,0.48310810810810817,6,0.8783783783783784,Monday 20:00,2,1,False,False,0.5576487739738694,0.36274303619008874,False,5,141,0.6021795415792349,1.0,1.071,52826,36613,Early Surge,0.839,0.937,A,2,3
WHU_TOT_2022-23,2022-23,33,2023-03-18,WHU,TOT,established_mid,big_six,London Stadium,62500,True,15,4,33,61,0.7027027027027027,High Stakes,0.0,0.7027027027027027,0.330547652916074,0.0,6,0.8783783783783784,Sunday 14:00,2,2,False,False,0.5845765080797503,0.7613517843617855,False,5,445,0.7167298743987687,1.0,1.1,63124,36250,Early Surge,0.839,0.937,A,0,0
BHA_CHE_2022-23,2022-23,33,2023-03-18,BHA,CHE,established_mid,big_six,Amex Stadium,31800,False,2,1,63,77,0.7027027027027027,High Stakes,0.0,0.7027027027027027,0.0,0.0,6,0.8783783783783784,Sunday 14:00,2,2,False,False,0.9732045630157349,0.9651274138524872,False,5,367,0.5560856874411333,1.0,1.1,31480,20670,Early Surge,0.839,0.937,A,0,4
WOL_LIV_2022-23,2022-23,33,2023-03-18,WOL,LIV,established_mid,big_six,Molineux,32050,False,11,5,40,59,0.6287339971550499,High Stakes,0.0,0.6287339971550499,0.0,0.0,6,0.8783783783783784,Sunday 14:00,2,2,False,False,0.2066925773664195,0.8350078697729406,False,5,357,0.6768740691001448,1.0,1.02,32105,19230,Early Surge,0.839,0.937,D,2,2
FUL_MCI_2022-23,2022-23,33,2023-03-18,FUL,MCI,established_mid,big_six,Craven Cottage,29600,False,17,6,27,59,0.6287339971550499,High Stakes,0.0,0.6287339971550499,0.510846372688478,0.48310810810810817,6,0.8783783783783784,Sunday 14:00,2,2,False,False,0.17423705205594814,0.8446415536710787,False,5,72,0.8955171107172659,0.965,0.965,29507,16280,Early Surge,0.839,0.937,D,2,2
CPL_SOU_2022-23,2022-23,33,2023-03-18,CPL,SOU,established_mid,smaller_club,Selhurst Park,25486,False,13,12,38,39,0.0,Standard,0.0,0.0,0.0,0.0,6,0.8783783783783784,Saturday 15:00,1,1,False,False,0.2904653714496405,0.29002707909432196,False,1,9,0.7165900739584306,0.635,0.635,21880,15291,Flat/Slow,0.47,0.574,H,1,2
EVE_IPS_2022-23,2022-23,33,2023-03-18,EVE,IPS,smaller_club,smaller_club,Goodison Park,39414,False,20,16,10,32,0.3026844411979547,European Spot,0.0,0.0,0.3026844411979547,0.0,6,0.8783783783783784,Saturday 17:30,3,1,False,False,0.03901207603076527,0.6402123770991637,False,1,337,0.4082393579457561,0.729,0.729,36231,25619,Consistent Gradual,0.525,0.69,H,4,1
BRE_BOU_2022-23,2022-23,33,2023-03-18,BRE,BOU,smaller_club,smaller_club,Gtech Community Stadium,17250,False,18,19,25,23,0.706263696128561,High Stakes,0.0,0.0,0.706263696128561,0.0,6,0.8783783783783784,Saturday 15:00,1,2,False,False,0.15962180607105195,0.23435033609716993,False,1,59,0.8191363826290685,0.662,0.662,14401,9487,Late Surge,0.253,0.545,A,0,4
NFO_LEI_2022-23,2022-23,33,2023-03-18,NFO,LEI,smaller_club,smaller_club,City Ground,30445,True,9,14,42,38,0.0,Standard,0.0,0.0,0.0,0.0,6,0.8783783783783784,Friday 20:00,2,1,False,False,0.3458922053203276,0.49313691644660984,False,2,89,0.4149518080191219,0.819,0.819,28467,17658,Flat/Slow,0.47,0.574,H,3,1
MUN_ARS_2022-23,2022-23,34,2023-03-25,MUN,ARS,big_six,big_six,Old Trafford,74310,True,7,2,58,65,0.7221621621621622,High Stakes,0.0,0.7221621621621622,0.0,0.4964864864864865,5,0.9027027027027027,Saturday 12:30,4,2,False,True,0.5539201253330621,0.5876409567295021,False,7,65,0.45780751625092736,1.0,1.1,75793,63163,Immediate Sellout,1.0,1.0,D,2,2
TOT_AVL_2022-23,2022-23,34,2023-03-25,TOT,AVL,big_six,established_mid,Tottenham Hotspur Stadium,62850,False,3,8,64,54,0.7221621621621622,High Stakes,0.0,0.7221621621621622,0.0,0.4964864864864865,5,0.9027027027027027,Sunday 14:00,2,2,False,False,0.8329462490532498,0.5817945333060888,False,5,59,0.613040373063714,1.0,1.088,63476,52165,Immediate Sellout,1.0,1.0,H,3,0
CHE_NEW_2022-23,2022-23,34,2023-03-25,CHE,NEW,big_six,established_mid,Stamford Bridge,40834,False,1,10,80,42,0.7221621621621622,High Stakes,0.0,0.7221621621621622,0.0,0.0,5,0.9027027027027027,Sunday 14:00,2,2,False,False,0.975589189696741,0.3903541417817085,False,5,318,0.710254630911016,1.0,1.065,40423,32667,Immediate Sellout,1.0,1.0,H,1,0
LIV_WHU_2022-23,2022-23,34,2023-03-25,LIV,WHU,big_six,established_mid,Anfield,61276,False,5,15,60,33,0.5867567567567568,High Stakes,0.0,0.5867567567567568,0.33005067567567564,0.0,5,0.9027027027027027,Sunday 14:00,2,1,False,False,0.7345055088410584,0.40920355565582517,False,6,157,0.6095407209236284,1.0,1.1,64337,55148,Late Surge,0.253,0.545,H,0,2
MCI_BHA_2022-23,2022-23,34,2023-03-25,MCI,BHA,big_six,established_mid,Etihad Stadium,53400,False,6,4,60,63,0.7221621621621622,High Stakes,0.0,0.7221621621621622,0.0,0.4964864864864865,5,0.9027027027027027,Sunday 14:00,2,2,False,False,0.741249087569755,0.6812431941110144,False,6,151,0.8531329707743638,1.0,1.1,53933,43788,Immediate Sellout,1.0,1.0,D,0,0
SOU_WOL_2022-23,2022-23,34,2023-03-25,SOU,WOL,smaller_club,established_mid,St. Mary's Stadium,32384,False,13,11,39,41,0.0,Standard,0.0,0.0,0.0,0.0,5,0.9027027027027027,Sunday 14:00,2,2,False,False,0.20301895536602535,0.2946848041564936,False,1,269,0.7311115856855415,0.604,0.604,26999,17811,Consistent Gradual,0.525,0.69,H,2,2
IPS_FUL_2022-23,2022-23,34,2023-03-25,IPS,FUL,smaller_club,established_mid,Portman Road,30000,False,16,17,32,28,0.5692850915431561,High Stakes,0.0,0.0,0.5692850915431561,0.0,5,0.9027027027027027,Saturday 15:00,1,2,False,False,0.44814866396941455,0.27196593643916367,False,1,135,0.5805126667789822,0.704,0.704,26330,16500,Late Surge,0.253,0.545,D,3,3
BOU_CPL_2022-23,2022-23,34,2023-03-25,BOU,CPL,smaller_club,established_mid,Vitality Stadium,11307,False,18,12,26,41,0.5867567567567568,High Stakes,0.0,0.0,0.5867567567567568,0.0,5,0.9027027027027027,Sunday 14:00,2,1,False,False,0.46404523526801894,0.5033257600147484,False,1,116,0.8783072516199535,0.785,0.785,10037,5653,Late Surge,0.253,0.545,H,3,0
LEI_EVE_2022-23,2022-23,34,2023-03-25,LEI,EVE,smaller_club,smaller_club,King Power Stadium,32261,False,14,20,38,13,0.1466891891891892,Standard,0.0,0.0,0.1466891891891892,0.0,5,0.9027027027027027,Monday 20:00,2,1,False,False,0.3451958415126269,0.3273084532215357,False,2,285,0.6143209977094488,0.584,0.584,27127,19356,Flat/Slow,0.47,0.574,A,2,3
NFO_BRE_2022-23,2022-23,34,2023-03-25,NFO,BRE,smaller_club,smaller_club,City Ground,30445,False,9,19,45,25,0.5500844594594595,High Stakes,0.0,0.0,0.5500844594594595,0.0,5,0.9027027027027027,Sunday 14:00,2,1,False,False,0.5421245437242292,0.11173526424973636,False,2,348,0.5794969496270989,0.724,0.724,27115,17658,Late Surge,0.253,0.545,A,2,2
ARS_TOT_2022-23,2022-23,35,2023-04-01,ARS,TOT,big_six,big_six,Emirates Stadium,60704,True,3,2,66,67,0.7416216216216216,High Stakes,0.0,0.7416216216216216,0.0,0.0,4,0.927027027027027,Saturday 12:30,4,1,False,False,0.5613486697106514,0.8830623743372747,False,7,368,0.4571911237078105,1.0,1.1,63130,53419,Immediate Sellout,1.0,1.0,D,3,3
MUN_CHE_2022-23,2022-23,35,2023-04-01,MUN,CHE,big_six,big_six,Old Trafford,74310,False,7,1,59,83,0.7416216216216216,High Stakes,0.0,0.7416216216216216,0.0,0.5098648648648649,4,0.927027027027027,Sunday 16:30,3,1,False,True,0.5377440877331434,0.9829124327877186,False,6,376,0.6495052919175457,1.0,1.1,75793,63163,Immediate Sellout,1.0,1.0,H,4,1
AVL_LIV_2022-23,2022-23,35,2023-04-01,AVL,LIV,established_mid,big_six,Villa Park,42682,False,8,5,54,63,0.6845738045738047,High Stakes,0.0,0.6845738045738047,0.0,0.5098648648648649,4,0.927027027027027,Sunday 14:00,2,2,False,False,0.4072561733142621,0.8141538561887409,False,6,259,0.5442469450846873,1.0,1.075,43106,26462,Early Surge,0.839,0.937,A,0,0
NEW_MCI_2022-23,2022-23,35,2023-04-01,NEW,MCI,established_mid,big_six,St. James Park,52305,False,11,6,42,61,0.5704781704781704,High Stakes,0.0,0.5704781704781704,0.0,0.5098648648648649,4,0.927027027027027,Sunday 14:00,2,1,False,False,0.27324789924719595,0.6688743612988285,False,6,22,0.8948327477556166,1.0,1.1,52826,36613,Early Surge,0.839,0.937,A,0,1
WHU_SOU_2022-23,2022-23,35,2023-04-01,WHU,SOU,established_mid,smaller_club,London Stadium,62500,False,16,10,33,42,0.4171621621621621,European Spot,0.0,0.0,0.4171621621621621,0.0,4,0.927027027027027,Saturday 15:00,1,1,False,False,0.2864424889590776,0.4421132687562177,False,2,254,0.8406585148100465,0.686,0.686,54312,36250,Late Surge,0.253,0.545,D,2,2
BHA_IPS_2022-23,2022-23,35,2023-04-01,BHA,IPS,established_mid,smaller_club,Amex Stadium,31800,False,4,15,64,33,0.7416216216216216,High Stakes,0.0,0.7416216216216216,0.4171621621621621,0.0,4,0.927027027027027,Saturday 15:00,1,2,False,False,0.6268702358777101,0.46370406477859016,False,2,352,0.6063097158756083,0.778,0.778,29192,20670,Early Surge,0.839,0.937,H,1,2
WOL_BOU_2022-23,2022-23,35,2023-04-01,WOL,BOU,established_mid,smaller_club,Molineux,32050,False,12,17,41,29,0.6025675675675676,High Stakes,0.0,0.0,0.6025675675675676,0.0,4,0.927027027027027,Saturday 15:00,1,2,False,True,0.20627936290954552,0.6248316646876133,False,1,412,0.6421843272362294,0.67,0.67,27626,19230,Early Surge,0.839,0.937,H,4,0
FUL_LEI_2022-23,2022-23,35,2023-04-01,FUL,LEI,established_mid,smaller_club,Craven Cottage,29600,False,18,14,29,38,0.6025675675675676,High Stakes,0.0,0.0,0.6025675675675676,0.0,4,0.927027027027027,Sunday 16:30,3,2,False,False,0.3403761555074145,0.2416370890588388,False,2,412,0.4070309949768346,0.736,0.736,25805,16280,Early Surge,0.839,0.937,H,2,0
CPL_NFO_2022-23,2022-23,35,2023-04-01,CPL,NFO,established_mid,smaller_club,Selhurst Park,25486,False,13,9,41,45,0.0,Standard,0.0,0.0,0.0,0.0,4,0.927027027027027,Saturday 15:00,1,1,False,False,0.35232803201032387,0.37948718060696046,False,2,111,0.8177676475499409,0.635,0.635,21846,15291,Flat/Slow,0.47,0.574,D,3,3
EVE_BRE_2022-23,2022-23,35,2023-04-01,EVE,BRE,smaller_club,smaller_club,Goodison Park,39414,False,20,19,16,28,0.34670810810810804,European Spot,0.0,0.0,0.34670810810810804,0.0,4,0.927027027027027,Sunday 16:30,3,1,False,False,0.529115917255075,0.3782146849748154,False,2,227,0.7575437506311988,0.772,0.772,36538,25619,Consistent Gradual,0.525,0.69,D,1,1
CHE_ARS_2022-23,2022-23,36,2023-04-08,CHE,ARS,big_six,big_six,Stamford Bridge,40834,True,1,3,83,67,0.7610810810810812,Top Four Decider,0.0,0.7610810810810812,0.0,0.0,3,0.9513513513513514,Saturday 12:30,4,2,False,False,0.6880387029514029,0.5429440687974559,False,7,129,0.5381753519200454,1.0,1.1,40423,32667,Immediate Sellout,1.0,1.0,H,2,2
LIV_TOT_2022-23,2022-23,36,2023-04-08,LIV,TOT,big_six,big_six,Anfield,61276,False,5,2,66,68,0.7610810810810812,Top Four Decider,0.0,0.7610810810810812,0.0,0.0,3,0.9513513513513514,Sunday 16:30,3,1,False,False,0.8699076993321186,0.7681436620360923,False,7,140,0.6994825243822502,1.0,1.1,64337,55148,Immediate Sellout,1.0,1.0,D,2,2
MCI_MUN_2022-23,2022-23,36,2023-04-08,MCI,MUN,big_six,big_six,Etihad Stadium,53400,True,6,7,64,62,0.5327567567567567,High Stakes,0.0,0.5327567567567567,0.0,0.5232432432432433,3,0.9513513513513514,Saturday 12:30,4,2,False,False,0.7682120529091798,0.6764208614132003,False,7,171,0.42510886717263857,1.0,1.1,53933,43788,Immediate Sellout,1.0,1.0,A,2,0
SOU_AVL_2022-23,2022-23,36,2023-04-08,SOU,AVL,smaller_club,established_mid,St. Mary's Stadium,32384,False,11,8,43,54,0.0,Standard,0.0,0.0,0.0,0.0,3,0.9513513513513514,Sunday 14:00,2,1,False,False,0.45947928812935235,0.2850793213199835,False,2,12,0.46157935358343205,0.63,0.63,27159,17811,Consistent Gradual,0.525,0.69,D,1,1
IPS_NEW_2022-23,2022-23,36,2023-04-08,IPS,NEW,smaller_club,established_mid,Portman Road,30000,False,16,12,33,42,0.37102702702702706,European Spot,0.0,0.0,0.37102702702702706,0.0,3,0.9513513513513514,Saturday 15:00,1,2,False,False,0.3245928453450131,0.19127352947303716,False,2,18,0.4503491218437076,0.661,0.661,25786,16500,Consistent Gradual,0.525,0.69,D,3,3
BOU_WHU_2022-23,2022-23,36,2023-04-08,BOU,WHU,smaller_club,established_mid,Vitality Stadium,11307,False,18,15,29,34,0.6183783783783784,High Stakes,0.0,0.0,0.6183783783783784,0.0,3,0.9513513513513514,Saturday 15:00,1,1,False,False,0.4373821652813293,0.3505097422713543,False,2,273,0.8451931580006081,0.769,0.769,9860,5653,Late Surge,0.253,0.545,D,1,1
LEI_BHA_2022-23,2022-23,36,2023-04-08,LEI,BHA,smaller_club,established_mid,King Power Stadium,32261,False,14,4,38,67,0.7610810810810812,Top Four Decider,0.0,0.7610810810810812,0.0,0.0,3,0.9513513513513514,Friday 20:00,2,2,False,False,0.16914596234118714,0.738809165114397,False,3,415,0.4220280455414465,0.906,0.906,31396,19356,Late Surge,0.254,0.545,A,0,2
NFO_WOL_2022-23,2022-23,36,2023-04-08,NFO,WOL,smaller_club,established_mid,City Ground,30445,False,9,10,46,44,0.0,Standard,0.0,0.0,0.0,0.0,3,0.9513513513513514,Monday 20:00,2,2,False,False,0.41564102642487233,0.44439555403668185,False,2,107,0.8481880306712917,0.636,0.636,26074,17658,Consistent Gradual,0.525,0.69,H,0,0
BRE_FUL_2022-23,2022-23,36,2023-04-08,BRE,FUL,smaller_club,established_mid,Gtech Community Stadium,17250,True,19,17,29,32,0.6809672830725463,High Stakes,0.0,0.0,0.6809672830725463,0.0,3,0.9513513513513514,Saturday 15:00,1,1,False,False,0.41475027948237075,0.5382633088551901,False,2,444,0.49270997970239766,1.0,1.046,17075,9487,Late Surge,0.253,0.545,D,0,0
EVE_CPL_2022-23,2022-23,36,2023-04-08,EVE,CPL,smaller_club,established_mid,Goodison Park,39414,False,20,13,17,42,0.0,Standard,0.0,0.0,-0.12367567567567567,0.0,3,0.9513513513513514,Monday 20:00,2,1,False,False,0.5203811420785525,0.39662962240722666,False,2,247,0.47539915178783565,0.71,0.71,35981,25619,Consistent Gradual,0.525,0.69,H,0,2
ARS_LIV_2022-23,2022-23,37,2023-04-15,ARS,LIV,big_six,big_six,Emirates Stadium,60704,False,5,4,67,67,0.7805405405405406,Top Four Decider,0.0,0.7805405405405406,0.0,0.0,2,0.9756756756756757,Saturday 12:30,4,1,False,False,0.3800608481582191,0.7589353895324831,False,8,243,0.81849123169375,1.0,1.1,63130,53419,Immediate Sellout,1.0,1.0,H,3,1
CHE_MCI_2022-23,2022-23,37,2023-04-15,CHE,MCI,big_six,big_six,Stamford Bridge,40834,False,1,7,86,64,0.7805405405405406,Top Four Decider,0.0,0.7805405405405406,0.0,0.5366216216216216,2,0.9756756756756757,Sunday 16:30,3,1,False,False,0.781627092065982,0.5377484370364258,False,7,93,0.5752308144767821,1.0,1.1,40423,32667,Immediate Sellout,1.0,1.0,A,1,2
TOT_SOU_2022-23,2022-23,37,2023-04-15,TOT,SOU,big_six,smaller_club,Tottenham Hotspur Stadium,62850,False,3,11,69,44,0.7805405405405406,Top Four Decider,0.0,0.7805405405405406,0.0,0.0,2,0.9756756756756757,Sunday 14:00,2,1,False,False,0.6877005634252646,0.4716355016905466,False,3,23,0.40485644524725184,1.0,1.057,63476,52165,Immediate Sellout,1.0,1.0,H,3,0
MUN_IPS_2022-23,2022-23,37,2023-04-15,MUN,IPS,big_six,smaller_club,Old Trafford,74310,False,6,16,65,34,0.5575289575289576,High Stakes,0.0,0.5575289575289576,0.0,0.5366216216216216,2,0.9756756756756757,Sunday 14:00,2,1,False,True,0.7734946029892402,0.37721499174150913,False,3,272,0.6792931443367936,1.0,1.043,75793,63163,Late Surge,0.253,0.545,H,2,0
AVL_BOU_2022-23,2022-23,37,2023-04-15,AVL,BOU,established_mid,smaller_club,Villa Park,42682,False,8,18,55,30,0.6341891891891892,High Stakes,0.0,0.0,0.6341891891891892,0.0,2,0.9756756756756757,Sunday 14:00,2,2,False,False,0.34955552492398845,0.4561675156969305,False,2,99,0.442227957875911,0.774,0.774,39225,26462,Early Surge,0.839,0.937,A,1,4
NEW_LEI_2022-23,2022-23,37,2023-04-15,NEW,LEI,established_mid,smaller_club,St. James Park,52305,False,12,14,43,38,0.0,Standard,0.0,0.0,0.0,0.0,2,0.9756756756756757,Saturday 15:00,1,2,False,False,0.28389147063112596,0.11840217363883099,False,3,252,0.5621841656521841,0.744,0.744,48708,36613,Flat/Slow,0.47,0.574,H,2,0
WHU_NFO_2022-23,2022-23,37,2023-04-15,WHU,NFO,established_mid,smaller_club,London Stadium,62500,False,15,9,35,49,0.0,Standard,0.0,0.0,0.0,0.0,2,0.9756756756756757,Saturday 12:30,4,2,False,False,0.39535681958994795,0.5909487184974106,False,3,190,0.5871477673318524,0.67,0.67,54567,36250,Flat/Slow,0.47,0.574,D,1,1
BHA_BRE_2022-23,2022-23,37,2023-04-15,BHA,BRE,established_mid,smaller_club,Amex Stadium,31800,False,2,19,70,30,0.7805405405405406,Top Four Decider,0.0,0.7805405405405406,0.6341891891891892,0.0,2,0.9756756756756757,Sunday 14:00,2,1,False,False,0.8171664155800777,0.4403251956376595,False,3,246,0.8153845097787408,0.9,0.9,30290,20670,Early Surge,0.839,0.937,D,3,3
WOL_EVE_2022-23,2022-23,37,2023-04-15,WOL,EVE,established_mid,smaller_club,Molineux,32050,False,10,20,44,20,0.0,Standard,0.0,0.0,-0.2717953667953668,0.0,2,0.9756756756756757,Sunday 14:00,2,2,False,False,0.3110768878256773,0.6642667994549867,False,2,271,0.47060359729649326,0.639,0.639,27731,19230,Flat/Slow,0.47,0.574,D,2,2
FUL_CPL_2022-23,2022-23,37,2023-04-15,FUL,CPL,established_mid,established_mid,Craven Cottage,29600,False,17,13,33,42,0.3623938223938224,European Spot,0.0,0.0,0.3623938223938224,0.0,2,0.9756756756756757,Saturday 12:30,4,1,False,False,0.5267843161986331,0.27764073568505865,False,2,377,0.4982836207972765,0.856,0.856,28020,16280,Consistent Gradual,0.525,0.69,H,3,0
MCI_ARS_2022-23,2022-23,38,2023-04-22,MCI,ARS,big_six,big_six,Etihad Stadium,53400,False,6,4,67,70,0.8,Top Four Decider,0.0,0.8,0.0,0.55,1,1.0,Saturday 12:30,4,1,False,True,0.6764239059254981,0.5660425937107534,False,8,345,0.5869560339400448,1.0,1.1,53933,43788,Immediate Sellout,1.0,1.0,H,1,0
SOU_LIV_2022-23,2022-23,38,2023-04-22,SOU,LIV,smaller_club,big_six,St. Mary's Stadium,32384,False,12,7,44,67,0.55,High Stakes,0.0,0.0,0.0,0.55,1,1.0,Sunday 14:00,2,1,False,False,0.3301448511833826,0.5312547726727381,False,4,249,0.5841324917495057,0.862,0.862,30979,17811,Early Surge,0.839,0.937,A,2,4
IPS_CHE_2022-23,2022-23,38,2023-04-22,IPS,CHE,smaller_club,big_six,Portman Road,30000,False,17,1,34,86,0.8,Top Four Decider,0.0,0.8,0.48750000000000004,0.0,1,1.0,Sunday 14:00,2,1,False,False,0.26405049421905635,0.5471389644461874,False,3,58,0.5359620070992064,0.968,0.968,30252,16500,Early Surge,0.839,0.937,A,0,2
BOU_TOT_2022-23,2022-23,38,2023-04-22,BOU,TOT,smaller_club,big_six,Vitality Stadium,11307,False,18,2,33,72,0.8,Top Four Decider,0.0,0.8,0.65,0.0,1,1.0,Sunday 14:00,2,2,False,False,0.6193172609878512,0.7813903943976852,False,3,367,0.5748318495192718,0.974,0.974,10969,5653,Early Surge,0.839,0.937,A,2,4
LEI_MUN_2022-23,2022-23,38,2023-04-22,LEI,MUN,smaller_club,big_six,King Power Stadium,32261,False,14,5,38,68,0.0,Standard,0.0,0.0,0.0,0.0,1,1.0,Sunday 14:00,2,2,False,False,0.08288152154718169,0.8414462220924681,False,4,312,0.686425404143785,0.863,0.863,30440,19356,Early Surge,0.839,0.937,A,2,3
NFO_AVL_2022-23,2022-23,38,2023-04-22,NFO,AVL,smaller_club,established_mid,City Ground,30445,False,9,8,50,55,0.0,Standard,0.0,0.0,0.0,0.0,1,1.0,Sunday 16:30,3,1,False,False,0.5636641029481874,0.24468886744679189,False,3,410,0.5776958495089541,0.778,0.778,27895,17658,Consistent Gradual,0.525,0.69,H,2,0
BRE_NEW_2022-23,2022-23,38,2023-04-22,BRE,NEW,smaller_club,established_mid,Gtech Community Stadium,17250,False,19,10,31,46,0.325,European Spot,0.0,0.0,0.325,0.0,1,1.0,Saturday 15:00,1,1,False,False,0.4582276369463616,0.4987240294417882,False,3,255,0.4052118886891965,0.756,0.756,15123,9487,Consistent Gradual,0.525,0.69,H,0,1
EVE_WHU_2022-23,2022-23,38,2023-04-22,EVE,WHU,smaller_club,established_mid,Goodison Park,39414,False,20,15,21,36,0.1625,Standard,0.0,0.0,0.1625,0.0,1,1.0,Monday 20:00,2,1,False,False,0.6149867596184906,0.4267497737129635,False,3,310,0.6782320931882291,0.71,0.71,35951,25619,Consistent Gradual,0.525,0.69,H,2,2
CPL_BHA_2022-23,2022-23,38,2023-04-22,CPL,BHA,established_mid,established_mid,Selhurst Park,25486,True,13,3,42,71,0.8,Top Four Decider,0.0,0.8,0.0,0.0,1,1.0,Saturday 15:00,1,1,False,False,0.19434851497954103,0.7220164909060544,False,3,411,0.7478850647538307,1.0,1.1,25737,15291,Early Surge,0.839,0.937,D,1,1
FUL_WOL_2022-23,2022-23,38,2023-04-22,FUL,WOL,established_mid,established_mid,Craven Cottage,29600,False,16,11,36,45,0.0,Standard,0.0,0.0,0.0,0.0,1,1.0,Saturday 15:00,1,1,False,False,0.6687490213390431,0.3677538214779741,False,2,304,0.7006667987038394,0.72,0.72,25888,16280,Consistent Gradual,0.525,0.69,D,0,0
ARS_SOU_2023-24,2023-24,1,2023-08-12,ARS,SOU,big_six,smaller_club,Emirates Stadium,60704,False,1,20,0,0,0.1,Standard,0.1,0.08000000000000002,0.065,0.0,38,0.1,Saturday 15:00,1,0,False,False,0.5,0.5,False,4,135,0.5112499450871701,0.873,0.873,61931,53419,Flat/Slow,0.47,0.574,H,0,0
MCI_IPS_2023-24,2023-24,1,2023-08-12,MCI,IPS,big_six,smaller_club,Etihad Stadium,53400,False,2,19,0,0,0.1,Standard,0.1,0.08000000000000002,0.065,0.0,38,0.1,Saturday 15:00,1,0,False,False,0.5,0.5,False,4,139,0.6995889050040146,0.855,0.855,52143,43788,Flat/Slow,0.47,0.574,H,1,2
LIV_BOU_2023-24,2023-24,1,2023-08-12,LIV,BOU,big_six,smaller_club,Anfield,61276,False,3,18,0,0,0.1,Standard,0.1,0.08000000000000002,0.065,0.0,38,0.1,Monday 20:00,2,1,False,False,0.5,0.5,False,4,87,0.7803891934930364,0.795,0.795,62739,55148,Flat/Slow,0.47,0.574,H,0,1
CHE_LEI_2023-24,2023-24,1,2023-08-12,CHE,LEI,big_six,smaller_club,Stamford Bridge,40834,False,4,17,0,0,0.1,Standard,0.1,0.08000000000000002,0.065,0.0,38,0.1,Saturday 17:30,3,1,False,False,0.5,0.5,False,4,76,0.8316806892539775,0.828,0.828,39037,32667,Flat/Slow,0.47,0.574,D,2,2
TOT_NFO_2023-24,2023-24,1,2023-08-12,TOT,NFO,big_six,smaller_club,Tottenham Hotspur Stadium,62850,False,5,16,0,0,0.1,Standard,0.1,0.08000000000000002,0.065,0.0,38,0.1,Saturday 12:30,4,1,False,False,0.5,0.5,True,4,221,0.4760308221178897,0.985,0.985,63393,52165,Flat/Slow,0.47,0.574,D,2,2
MUN_BRE_2023-24,2023-24,1,2023-08-12,MUN,BRE,big_six,smaller_club,Old Trafford,74310,False,6,15,0,0,0.1,Standard,0.1,0.08000000000000002,0.065,0.05500000000000001,38,0.1,Midweek Tue/Wed 20:00,2,0,False,False,0.5,0.5,True,4,73,0.7845430419702144,0.952,0.952,74978,63163,Flat/Slow,0.47,0.574,H,2,2
AVL_EVE_2023-24,2023-24,1,2023-08-12,AVL,EVE,established_mid,smaller_club,Villa Park,42682,False,7,14,0,0,0.1,Standard,0.1,0.0,0.065,0.05500000000000001,38,0.1,Saturday 15:00,1,0,False,False,0.5,0.5,False,3,15,0.8442685159081813,0.702,0.702,38305,26462,Flat/Slow,0.47,0.574,D,0,0
NEW_CPL_2023-24,2023-24,1,2023-08-12,NEW,CPL,established_mid,established_mid,St. James Park,52305,False,8,13,0,0,0.1,Standard,0.1,0.0,0.0,0.05500000000000001,38,0.1,Saturday 15:00,1,1,False,False,0.5,0.5,False,3,198,0.7625467987030901,0.906,0.906,51580,36613,Consistent Gradual,0.525,0.69,D,3,3
WHU_FUL_2023-24,2023-24,1,2023-08-12,WHU,FUL,established_mid,established_mid,London Stadium,62500,False,9,12,0,0,0.1,Standard,0.1,0.0,0.0,0.05500000000000001,38,0.1,Saturday 15:00,1,1,False,False,0.5,0.5,False,3,108,0.7894012375630697,0.741,0.741,56436,36250,Consistent Gradual,0.525,0.69,H,2,1
BHA_WOL_2023-24,2023-24,1,2023-08-12,BHA,WOL,established_mid,established_mid,Amex Stadium,31800,False,10,11,0,0,0.1,Standard,0.1,0.0,0.0,0.05500000000000001,38,0.1,Saturday 17:30,3,1,False,False,0.5,0.5,True,3,419,0.4302095514455147,0.907,0.907,30141,20670,Consistent Gradual,0.525,0.69,A,2,0
IPS_ARS_2023-24,2023-24,2,2023-08-19,IPS,ARS,smaller_club,big_six,Portman Road,30000,False,16,3,0,3,0.12265179978184462,Standard,0.12265179978184462,0.09945945945945947,0.08081081081081082,0.0,37,0.12432432432432433,Midweek Tue/Wed 20:00,2,1,False,False,0.35,0.6499999999999999,True,4,186,0.5511192398864591,0.837,0.837,28161,16500,Early Surge,0.839,0.937,D,1,1
BOU_SOU_2023-24,2023-24,2,2023-08-19,BOU,SOU,smaller_club,smaller_club,Vitality Stadium,11307,True,17,19,0,0,0.12097927523936494,Standard,0.12097927523936494,0.0,0.10567567567567568,0.0,37,0.12432432432432433,Saturday 15:00,1,0,False,False,0.35,0.35,False,0,139,0.7949747469038002,0.761,0.761,9746,5653,Flat/Slow,0.47,0.574,D,2,2
LEI_MCI_2023-24,2023-24,2,2023-08-19,LEI,MCI,smaller_club,big_six,King Power Stadium,32261,False,12,4,1,3,0.1232093079626712,Standard,0.1232093079626712,0.09945945945945947,0.0,0.0,37,0.12432432432432433,Saturday 15:00,1,1,False,False,0.5,0.6499999999999999,False,5,61,0.5403372641796136,0.882,0.882,30996,19356,Early Surge,0.839,0.937,A,2,1
NFO_LIV_2023-24,2023-24,2,2023-08-19,NFO,LIV,smaller_club,big_six,City Ground,30445,False,11,5,1,3,0.1232093079626712,Standard,0.1232093079626712,0.09945945945945947,0.0,0.0,37,0.12432432432432433,Sunday 14:00,2,1,False,False,0.5,0.6499999999999999,True,5,39,0.6427868847251779,0.945,0.945,30411,17658,Early Surge,0.839,0.937,D,3,3
BRE_CHE_2023-24,2023-24,2,2023-08-19,BRE,CHE,smaller_club,big_six,Gtech Community Stadium,17250,False,18,9,0,1,0.1215367834201915,Standard,0.1215367834201915,0.0,0.08081081081081082,0.06837837837837839,37,0.12432432432432433,Saturday 17:30,3,1,False,False,0.35,0.5,False,4,403,0.7879101399958752,0.85,0.85,15823,9487,Early Surge,0.839,0.937,A,2,4
EVE_TOT_2023-24,2023-24,2,2023-08-19,EVE,TOT,smaller_club,big_six,Goodison Park,39414,False,14,10,1,1,0.12209429160101806,Standard,0.12209429160101806,0.0,0.08008928571428572,0.06837837837837839,37,0.12432432432432433,Saturday 15:00,1,1,False,False,0.5,0.5,False,4,243,0.8502583754363138,0.919,0.919,39195,25619,Early Surge,0.839,0.937,A,2,0
CPL_MUN_2023-24,2023-24,2,2023-08-19,CPL,MUN,established_mid,big_six,Selhurst Park,25486,False,8,2,1,3,0.1232093079626712,Standard,0.1232093079626712,0.09945945945945947,0.0,0.06837837837837839,37,0.12432432432432433,Midweek Tue/Wed 20:00,2,1,False,False,0.5,0.6499999999999999,False,4,218,0.5035962485329275,0.9,0.9,24573,15291,Early Surge,0.839,0.937,A,1,4
FUL_AVL_2023-24,2023-24,2,2023-08-19,FUL,AVL,established_mid,established_mid,Craven Cottage,29600,False,20,13,0,1,0.1215367834201915,Standard,0.1215367834201915,0.0,0.08081081081081082,0.0,37,0.12432432432432433,Monday 20:00,2,0,False,False,0.35,0.5,False,3,284,0.8552932121070767,0.676,0.676,25490,16280,Consistent Gradual,0.525,0.69,D,1,1
WOL_NEW_2023-24,2023-24,2,2023-08-19,WOL,NEW,established_mid,established_mid,Molineux,32050,False,6,7,3,1,0.1232093079626712,Standard,0.1232093079626712,0.09945945945945947,0.0,0.06837837837837839,37,0.12432432432432433,Saturday 15:00,1,1,False,True,0.6499999999999999,0.5,False,3,408,0.5988040134415084,0.708,0.708,28667,19230,Consistent Gradual,0.525,0.69,A,2,1
BHA_WHU_2023-24,2023-24,2,2023-08-19,BHA,WHU,established_mid,established_mid,Amex Stadium,31800,False,15,1,0,3,0.12265179978184462,Standard,0.12265179978184462,0.09945945945945947,0.08081081081081082,0.0,37,0.12432432432432433,Saturday 12:30,4,0,False,False,0.35,0.6499999999999999,True,4,154,0.6768168772827456,0.998,0.998,31300,20670,Consistent Gradual,0.525,0.69,H,0,1
ARS_BOU_2023-24,2023-24,3,2023-08-26,ARS,BOU,big_six,smaller_club,Emirates Stadium,60704,False,4,15,4,1,0.14385353095030515,Standard,0.14385353095030515,0.11891891891891893,0.09662162162162163,0.0,36,0.14864864864864866,Saturday 15:00,1,1,False,False,0.6049999999999999,0.39499999999999996,False,4,231,0.4095095441205932,0.856,0.856,61765,53419,Flat/Slow,0.47,0.574,H,4,2
IPS_LEI_2023-24,2023-24,3,2023-08-26,IPS,LEI,smaller_club,smaller_club,Portman Road,30000,False,16,14,1,1,0.14179848050815794,Standard,0.14179848050815794,0.0,0.12635135135135137,0.0,36,0.14864864864864866,Sunday 14:00,2,0,False,False,0.39499999999999996,0.35,True,1,336,0.7451715612798683,0.615,0.615,25265,16500,Flat/Slow,0.47,0.574,H,4,2
SOU_NFO_2023-24,2023-24,3,2023-08-26,SOU,NFO,smaller_club,smaller_club,St. Mary's Stadium,32384,False,17,11,1,2,0.142483497322207,Standard,0.142483497322207,0.0,0.09662162162162163,0.0,36,0.14864864864864866,Monday 20:00,2,0,False,False,0.39499999999999996,0.5,False,1,374,0.6017772358697133,0.497,0.497,25188,17811,Flat/Slow,0.47,0.574,A,0,4
MCI_BRE_2023-24,2023-24,3,2023-08-26,MCI,BRE,big_six,smaller_club,Etihad Stadium,53400,False,2,20,6,0,0.14453854776435424,Standard,0.14453854776435424,0.11891891891891893,0.09573518472601042,0.0,36,0.14864864864864866,Saturday 12:30,4,1,False,False,0.7549999999999999,0.24499999999999997,False,5,364,0.6731496541189919,0.922,0.922,53157,43788,Flat/Slow,0.47,0.574,D,0,0
LIV_EVE_2023-24,2023-24,3,2023-08-26,LIV,EVE,big_six,smaller_club,Anfield,61276,True,6,13,4,1,0.14385353095030515,Standard,0.14385353095030515,0.11891891891891893,0.0,0.08175675675675677,36,0.14864864864864866,Sunday 14:00,2,0,False,False,0.6049999999999999,0.35,False,5,267,0.7948610588979935,1.0,1.1,64337,55148,Immediate Sellout,1.0,1.0,H,2,1
CHE_CPL_2023-24,2023-24,3,2023-08-26,CHE,CPL,big_six,established_mid,Stamford Bridge,40834,False,3,19,4,1,0.14385353095030515,Standard,0.14385353095030515,0.11891891891891893,0.09662162162162163,0.0,36,0.14864864864864866,Saturday 15:00,1,0,False,True,0.6499999999999999,0.35,False,4,391,0.5813343785986111,1.0,1.014,40324,32667,Consistent Gradual,0.525,0.69,H,0,1
TOT_FUL_2023-24,2023-24,3,2023-08-26,TOT,FUL,big_six,established_mid,Tottenham Hotspur Stadium,62850,False,7,18,4,1,0.14385353095030515,Standard,0.14385353095030515,0.0,0.09662162162162163,0.08175675675675677,36,0.14864864864864866,Sunday 14:00,2,0,False,False,0.6499999999999999,0.39499999999999996,True,4,140,0.542018945390735,1.0,1.087,63476,52165,Consistent Gradual,0.525,0.69,H,0,2
MUN_WOL_2023-24,2023-24,3,2023-08-26,MUN,WOL,big_six,established_mid,Old Trafford,74310,False,1,10,6,3,0.14659359820650145,Standard,0.14659359820650145,0.11891891891891893,0.0,0.08175675675675677,36,0.14864864864864866,Sunday 14:00,2,1,False,False,0.7549999999999999,0.4549999999999999,True,4,210,0.678979364322905,1.0,1.088,75793,63163,Consistent Gradual,0.525,0.69,H,4,0
AVL_BHA_2023-24,2023-24,3,2023-08-26,AVL,BHA,established_mid,established_mid,Villa Park,42682,False,12,9,2,3,0.14385353095030515,Standard,0.14385353095030515,0.0,0.0,0.08100669476816266,36,0.14864864864864866,Saturday 15:00,1,1,False,False,0.5,0.5449999999999999,False,4,103,0.8634278514448274,0.803,0.803,39770,26462,Consistent Gradual,0.525,0.69,D,3,3
NEW_WHU_2023-24,2023-24,3,2023-08-26,NEW,WHU,established_mid,established_mid,St. James Park,52305,False,5,8,4,3,0.1452235645784033,Standard,0.1452235645784033,0.11891891891891893,0.0,0.08175675675675677,36,0.14864864864864866,Saturday 15:00,1,0,False,False,0.6499999999999999,0.4549999999999999,False,4,124,0.6100610302741334,0.924,0.924,51379,36613,Consistent Gradual,0.525,0.69,H,3,1
LEI_ARS_2023-24,2023-24,4,2023-09-02,LEI,ARS,smaller_club,big_six,King Power Stadium,32261,False,16,2,1,7,0.1647752017420264,Standard,0.1647752017420264,0.13837837837837838,0.11243243243243244,0.0,35,0.17297297297297298,Saturday 12:30,4,0,False,False,0.24499999999999997,0.7234999999999998,False,5,98,0.8007018803570425,0.99,0.99,32199,19356,Early Surge,0.839,0.937,A,1,4
NFO_BOU_2023-24,2023-24,4,2023-09-02,NFO,BOU,smaller_club,smaller_club,City Ground,30445,False,8,17,5,1,0.16313564749583706,Standard,0.16313564749583706,0.0,0.11243243243243244,0.09334013258541561,35,0.17297297297297298,Saturday 15:00,1,1,False,False,0.6499999999999999,0.27649999999999997,True,1,446,0.6756061182162806,0.667,0.667,26417,17658,Flat/Slow,0.47,0.574,D,3,3
BRE_IPS_2023-24,2023-24,4,2023-09-02,BRE,IPS,smaller_club,smaller_club,Gtech Community Stadium,17250,False,19,9,1,4,0.16231587037274242,Standard,0.16231587037274242,0.0,0.11243243243243244,0.09244263131055586,35,0.17297297297297298,Midweek Tue/Wed 20:00,2,0,False,False,0.32149999999999995,0.5765,False,1,313,0.5469280741860916,0.624,0.624,14220,9487,Flat/Slow,0.47,0.574,A,2,3
EVE_SOU_2023-24,2023-24,4,2023-09-02,EVE,SOU,smaller_club,smaller_club,Goodison Park,39414,False,15,20,1,1,0.15985653900345845,Standard,0.15985653900345845,0.0,0.14702702702702702,0.0,35,0.17297297297297298,Sunday 14:00,2,0,False,False,0.24499999999999997,0.27649999999999997,False,1,439,0.5367713634399154,0.689,0.689,35538,25619,Flat/Slow,0.47,0.574,D,1,1
CPL_MCI_2023-24,2023-24,4,2023-09-02,CPL,MCI,established_mid,big_six,Selhurst Park,25486,False,18,6,1,7,0.1647752017420264,Standard,0.1647752017420264,0.13837837837837838,0.11243243243243244,0.09513513513513515,35,0.17297297297297298,Sunday 16:30,3,1,False,False,0.24499999999999997,0.6784999999999999,False,5,391,0.6935880138162844,0.953,0.953,25416,15291,Early Surge,0.839,0.937,A,2,0
FUL_LIV_2023-24,2023-24,4,2023-09-02,FUL,LIV,established_mid,big_six,Craven Cottage,29600,False,14,5,1,7,0.1647752017420264,Standard,0.1647752017420264,0.13837837837837838,0.11243243243243244,0.0,35,0.17297297297297298,Midweek Tue/Wed 20:00,2,0,False,False,0.27649999999999997,0.7234999999999998,False,5,279,0.8137115671445413,0.893,0.893,28189,16280,Early Surge,0.839,0.937,H,3,0
WOL_CHE_2023-24,2023-24,4,2023-09-02,WOL,CHE,established_mid,big_six,Molineux,32050,False,13,4,3,7,0.16641475598821573,Standard,0.16641475598821573,0.13837837837837838,0.0,0.0,35,0.17297297297297298,Monday 20:00,2,1,False,False,0.3184999999999999,0.7549999999999999,False,4,289,0.6192217759747207,0.834,0.834,30089,19230,Early Surge,0.839,0.937,A,0,0
BHA_TOT_2023-24,2023-24,4,2023-09-02,BHA,TOT,established_mid,big_six,Amex Stadium,31800,False,10,7,4,7,0.16723453311131037,Standard,0.16723453311131037,0.0,0.0,0.09513513513513515,35,0.17297297297297298,Sunday 14:00,2,0,False,False,0.5315,0.7549999999999999,True,5,277,0.7494552002871067,1.0,1.1,31480,20670,Early Surge,0.839,0.937,H,3,1
WHU_MUN_2023-24,2023-24,4,2023-09-02,WHU,MUN,established_mid,big_six,London Stadium,62500,False,12,1,3,9,0.16805431023440504,Standard,0.16805431023440504,0.13837837837837838,0.0,0.0,35,0.17297297297297298,Saturday 15:00,1,0,False,False,0.3184999999999999,0.8284999999999998,False,5,203,0.5199345918871652,0.9,0.9,60407,36250,Early Surge,0.839,0.937,D,1,1
NEW_AVL_2023-24,2023-24,4,2023-09-02,NEW,AVL,established_mid,established_mid,St. James Park,52305,False,3,11,7,3,0.16641475598821573,Standard,0.16641475598821573,0.13837837837837838,0.0,0.0,35,0.17297297297297298,Saturday 15:00,1,1,False,True,0.7549999999999999,0.5,False,4,331,0.6742200851546596,0.842,0.842,50248,36613,Consistent Gradual,0.525,0.69,H,0,0
ARS_NFO_2023-24,2023-24,5,2023-09-09,ARS,NFO,big_six,smaller_club,Emirates Stadium,60704,False,2,10,10,6,0.19344759393539881,Standard,0.19344759393539881,0.15783783783783786,0.0,0.10851351351351353,34,0.1972972972972973,Sunday 14:00,2,0,False,False,0.8064499999999999,0.6049999999999999,False,5,146,0.6795214364247755,0.89,0.89,62364,53419,Flat/Slow,0.47,0.574,H,2,2
LEI_BRE_2023-24,2023-24,5,2023-09-09,LEI,BRE,smaller_club,smaller_club,King Power Stadium,32261,False,20,19,1,1,0.17997363216875414,Standard,0.17997363216875414,0.0,0.1677027027027027,0.0,34,0.1972972972972973,Sunday 16:30,3,1,False,False,0.17149999999999996,0.22504999999999994,False,2,103,0.5886185127372296,0.686,0.686,28610,19356,Flat/Slow,0.47,0.574,A,1,4
BOU_EVE_2023-24,2023-24,5,2023-09-09,BOU,EVE,smaller_club,smaller_club,Vitality Stadium,11307,False,16,15,2,2,0.1818984838497034,Standard,0.1818984838497034,0.0,0.16606657877389586,0.0,34,0.1972972972972973,Saturday 17:30,3,0,False,False,0.34354999999999997,0.32149999999999995,False,1,246,0.4031776672325702,0.597,0.597,8898,5653,Flat/Slow,0.47,0.574,H,1,2
IPS_CPL_2023-24,2023-24,5,2023-09-09,IPS,CPL,smaller_club,established_mid,Portman Road,30000,False,6,18,7,1,0.18574818721160186,Standard,0.18574818721160186,0.15324061926003674,0.12824324324324327,0.10851351351351353,34,0.1972972972972973,Saturday 12:30,4,0,False,False,0.7035499999999999,0.17149999999999996,True,1,96,0.6834632273656742,0.773,0.773,27057,16500,Consistent Gradual,0.525,0.69,H,4,0
SOU_FUL_2023-24,2023-24,5,2023-09-09,SOU,FUL,smaller_club,established_mid,St. Mary's Stadium,32384,False,17,11,2,4,0.1838233355306526,Standard,0.1838233355306526,0.0,0.12699816321175544,0.0,34,0.1972972972972973,Midweek Tue/Wed 20:00,2,1,False,False,0.34354999999999997,0.49354999999999993,False,1,348,0.5023056305088585,0.63,0.63,27709,17811,Consistent Gradual,0.525,0.69,A,0,4
MCI_WOL_2023-24,2023-24,5,2023-09-09,MCI,WOL,big_six,established_mid,Etihad Stadium,53400,False,5,14,10,3,0.19056031641397495,Standard,0.19056031641397495,0.15783783783783786,0.12575308318026765,0.0,34,0.1972972972972973,Saturday 12:30,4,0,False,True,0.7749499999999998,0.2229499999999999,False,5,347,0.5771562451064447,1.0,1.1,53933,43788,Consistent Gradual,0.525,0.69,D,1,1
LIV_BHA_2023-24,2023-24,5,2023-09-09,LIV,BHA,big_six,established_mid,Anfield,61276,False,8,7,7,7,0.19152274225444957,Standard,0.19152274225444957,0.0,0.0,0.10851351351351353,34,0.1972972972972973,Sunday 16:30,3,1,False,False,0.5064499999999998,0.6720499999999999,False,6,155,0.4931416967762213,1.0,1.089,64337,55148,Consistent Gradual,0.525,0.69,H,2,1
CHE_WHU_2023-24,2023-24,5,2023-09-09,CHE,WHU,big_six,established_mid,Stamford Bridge,40834,False,4,12,10,4,0.19152274225444957,Standard,0.19152274225444957,0.15783783783783786,0.0,0.0,34,0.1972972972972973,Sunday 16:30,3,0,False,False,0.8284999999999998,0.3729499999999999,False,5,85,0.5934851472366692,1.0,1.043,40401,32667,Consistent Gradual,0.525,0.69,H,4,0
TOT_NEW_2023-24,2023-24,5,2023-09-09,TOT,NEW,big_six,established_mid,Tottenham Hotspur Stadium,62850,False,9,3,7,10,0.19441001977587344,Standard,0.19441001977587344,0.15783783783783786,0.0,0.10851351351351353,34,0.1972972972972973,Sunday 16:30,3,1,False,True,0.5284999999999999,0.8284999999999998,True,5,164,0.6077175493728142,1.0,1.1,63476,52165,Consistent Gradual,0.525,0.69,H,3,0
MUN_AVL_2023-24,2023-24,5,2023-09-09,MUN,AVL,big_six,established_mid,Old Trafford,74310,False,1,13,10,3,0.19056031641397495,Standard,0.19056031641397495,0.15783783783783786,0.0,0.0,34,0.1972972972972973,Midweek Tue/Wed 20:00,2,0,False,False,0.7299499999999999,0.35,True,5,341,0.46788022399446255,1.0,1.1,75793,63163,Consistent Gradual,0.525,0.69,H,4,1
BRE_ARS_2023-24,2023-24,6,2023-09-16,BRE,ARS,smaller_club,big_six,Gtech Community Stadium,17250,False,13,2,4,13,0.21159853320657343,Standard,0.21159853320657343,0.17729729729729732,0.0,0.0,33,0.22162162162162163,Saturday 15:00,1,0,False,False,0.4575349999999999,0.8645149999999999,False,5,119,0.8711374985562212,0.85,0.85,16084,9487,Early Surge,0.839,0.937,D,1,1
EVE_NFO_2023-24,2023-24,6,2023-09-16,EVE,NFO,smaller_club,smaller_club,Goodison Park,39414,False,17,11,2,6,0.20157544479152523,Standard,0.20157544479152523,0.0,0.14405405405405405,0.0,33,0.22162162162162163,Friday 20:00,2,0,False,False,0.22504999999999994,0.4234999999999999,False,2,185,0.8171767727498789,0.689,0.689,35308,25619,Flat/Slow,0.47,0.574,H,3,2
CPL_LEI_2023-24,2023-24,6,2023-09-16,CPL,LEI,established_mid,smaller_club,Selhurst Park,25486,False,19,20,1,1,0.19489338584815974,Standard,0.19489338584815974,0.0,0.18648512834442482,0.0,33,0.22162162162162163,Saturday 15:00,1,1,False,False,0.12004999999999996,0.12004999999999996,False,2,277,0.5993648454085608,0.635,0.635,21850,15291,Flat/Slow,0.47,0.574,H,2,2
FUL_BOU_2023-24,2023-24,6,2023-09-16,FUL,BOU,established_mid,smaller_club,Craven Cottage,29600,False,9,12,7,5,0.20603015075376885,Standard,0.20603015075376885,0.0,0.0,0.11823513513513516,33,0.22162162162162163,Saturday 15:00,1,1,False,False,0.6454849999999999,0.5404849999999999,False,1,344,0.8777194579136554,0.617,0.617,24084,16280,Flat/Slow,0.47,0.574,D,2,2
WOL_IPS_2023-24,2023-24,6,2023-09-16,WOL,IPS,established_mid,smaller_club,Molineux,32050,False,15,5,4,10,0.20825750373489066,Standard,0.20825750373489066,0.17552432432432435,0.141172972972973,0.0,33,0.22162162162162163,Midweek Tue/Wed 20:00,2,1,False,False,0.3060649999999999,0.7924849999999999,False,1,403,0.7889363524799692,0.666,0.666,27953,19230,Flat/Slow,0.47,0.574,D,1,1
BHA_SOU_2023-24,2023-24,6,2023-09-16,BHA,SOU,established_mid,smaller_club,Amex Stadium,31800,False,10,18,7,2,0.2026891212820861,Standard,0.2026891212820861,0.0,0.14405405405405405,0.11823513513513516,33,0.22162162162162163,Saturday 15:00,1,0,False,False,0.47043499999999994,0.24048499999999995,True,2,430,0.5056866313069288,0.778,0.778,28723,20670,Flat/Slow,0.47,0.574,H,3,0
WHU_MCI_2023-24,2023-24,6,2023-09-16,WHU,MCI,established_mid,big_six,London Stadium,62500,False,14,4,4,11,0.2093711802254516,Standard,0.2093711802254516,0.17729729729729732,0.141172972972973,0.0,33,0.22162162162162163,Saturday 15:00,1,1,False,False,0.26106499999999994,0.6924649999999999,False,6,68,0.6769660977422574,0.882,0.882,60077,36250,Early Surge,0.839,0.937,H,3,0
NEW_LIV_2023-24,2023-24,6,2023-09-16,NEW,LIV,established_mid,big_six,St. James Park,52305,False,7,6,10,10,0.21493956267825615,Standard,0.21493956267825615,0.17552432432432435,0.0,0.12189189189189191,33,0.22162162162162163,Saturday 15:00,1,0,False,False,0.5799499999999999,0.6545149999999998,False,6,86,0.6701720015490924,1.0,1.1,52826,36613,Early Surge,0.839,0.937,H,3,0
AVL_CHE_2023-24,2023-24,6,2023-09-16,AVL,CHE,established_mid,big_six,Villa Park,42682,False,16,3,3,13,0.2104848567160125,Standard,0.2104848567160125,0.17729729729729732,0.14261351351351353,0.0,33,0.22162162162162163,Saturday 15:00,1,0,False,False,0.24499999999999997,0.8799499999999998,False,5,7,0.606560399105359,0.975,0.975,42791,26462,Early Surge,0.839,0.937,H,0,2
MUN_TOT_2023-24,2023-24,6,2023-09-16,MUN,TOT,big_six,big_six,Old Trafford,74310,False,1,8,13,10,0.21828059214993892,Standard,0.21828059214993892,0.17729729729729732,0.0,0.12189189189189191,33,0.22162162162162163,Sunday 16:30,3,1,False,False,0.8109649999999999,0.6699499999999998,True,6,243,0.8679684712989589,1.0,1.1,75793,63163,Immediate Sellout,1.0,1.0,H,3,2
ARS_EVE_2023-24,2023-24,7,2023-09-23,ARS,EVE,big_six,smaller_club,Emirates Stadium,60704,False,2,15,14,5,0.2293796387060636,Standard,0.2293796387060636,0.19675675675675677,0.15821677347450544,0.0,32,0.24594594594594596,Sunday 16:30,3,0,False,False,0.7551604999999999,0.4575349999999999,False,5,197,0.6366739489631537,0.943,0.943,62579,53419,Flat/Slow,0.47,0.574,H,2,2
BRE_CPL_2023-24,2023-24,7,2023-09-23,BRE,CPL,smaller_club,established_mid,Gtech Community Stadium,17250,False,16,18,5,4,0.2166363254446156,Standard,0.2166363254446156,0.0,0.207970872426831,0.0,32,0.24594594594594596,Sunday 16:30,3,1,False,False,0.47027449999999993,0.38403499999999996,False,2,346,0.6635615418779911,0.756,0.756,15109,9487,Consistent Gradual,0.525,0.69,H,1,0
NFO_FUL_2023-24,2023-24,7,2023-09-23,NFO,FUL,smaller_club,established_mid,City Ground,30445,False,12,10,6,8,0.2230079820753396,Standard,0.2230079820753396,0.0,0.0,0.13248119253273893,32,0.24594594594594596,Saturday 15:00,1,1,False,False,0.2964499999999999,0.6018394999999999,True,2,440,0.7608193254696551,0.778,0.778,28001,17658,Consistent Gradual,0.525,0.69,D,3,3
LEI_WOL_2023-24,2023-24,7,2023-09-23,LEI,WOL,smaller_club,established_mid,King Power Stadium,32261,False,20,17,1,5,0.2128133314661812,Standard,0.2128133314661812,0.0,0.20472132754516176,0.0,32,0.24594594594594596,Saturday 15:00,1,0,False,False,0.08403499999999997,0.3642454999999999,False,2,413,0.8762941975080378,0.756,0.756,29433,19356,Consistent Gradual,0.525,0.69,A,2,2
BOU_BHA_2023-24,2023-24,7,2023-09-23,BOU,BHA,smaller_club,established_mid,Vitality Stadium,11307,False,13,7,6,10,0.2255566447276292,Standard,0.2255566447276292,0.0,0.0,0.13527027027027028,32,0.24594594594594596,Midweek Tue/Wed 20:00,2,0,False,False,0.5283394999999999,0.6293044999999999,False,2,35,0.4089279310826845,0.696,0.696,9363,5653,Consistent Gradual,0.525,0.69,A,1,0
IPS_WHU_2023-24,2023-24,7,2023-09-23,IPS,WHU,smaller_club,established_mid,Portman Road,30000,False,5,11,11,7,0.22810530737991877,Standard,0.22810530737991877,0.1926999164112566,0.0,0.0,32,0.24594594594594596,Saturday 15:00,1,1,False,False,0.7047394999999999,0.48274549999999994,True,2,372,0.5669224615086015,0.689,0.689,26276,16500,Consistent Gradual,0.525,0.69,D,2,2
SOU_NEW_2023-24,2023-24,7,2023-09-23,SOU,NEW,smaller_club,established_mid,St. Mary's Stadium,32384,False,19,4,2,13,0.2242823134014844,Standard,0.2242823134014844,0.19675675675675677,0.156568682084146,0.0,32,0.24594594594594596,Saturday 15:00,1,1,False,False,0.16833949999999995,0.7059649999999998,False,2,128,0.44803115043393804,0.617,0.617,26975,17811,Consistent Gradual,0.525,0.69,A,2,4
MCI_AVL_2023-24,2023-24,7,2023-09-23,MCI,AVL,big_six,established_mid,Etihad Stadium,53400,False,6,14,11,6,0.22683097605377397,Standard,0.22683097605377397,0.1926999164112566,0.156568682084146,0.13527027027027028,32,0.24594594594594596,Sunday 14:00,2,1,False,True,0.48472549999999986,0.4714999999999999,False,6,76,0.41766412490380156,1.0,1.047,53933,43788,Consistent Gradual,0.525,0.69,D,1,1
LIV_MUN_2023-24,2023-24,7,2023-09-23,LIV,MUN,big_six,big_six,Anfield,61276,True,9,1,10,16,0.23829995798907716,Standard,0.23829995798907716,0.19675675675675677,0.0,0.13527027027027028,32,0.24594594594594596,Saturday 12:30,4,0,False,False,0.45816049999999986,0.8676754999999998,False,7,191,0.7015345187023272,1.0,1.1,64337,55148,Immediate Sellout,1.0,1.0,D,1,1
CHE_TOT_2023-24,2023-24,7,2023-09-23,CHE,TOT,big_six,big_six,Stamford Bridge,40834,True,3,8,13,10,0.2344769640106428,Standard,0.2344769640106428,0.19675675675675677,0.0,0.13527027027027028,32,0.24594594594594596,Sunday 16:30,3,1,False,False,0.6159649999999998,0.46896499999999985,False,6,116,0.8238975151045271,1.0,1.1,40423,32667,Immediate Sellout,1.0,1.0,H,2,1
CPL_ARS_2023-24,2023-24,8,2023-09-30,CPL,ARS,established_mid,big_six,Selhurst Park,25486,False,18,2,4,17,0.25148142795201617,Standard,0.25148142795201617,0.21621621621621623,0.17567567567567569,0.0,31,0.2702702702702703,Saturday 15:00,1,1,False,False,0.26882449999999997,0.8286123499999998,False,5,194,0.8405825028535532,0.882,0.882,24528,15291,Early Surge,0.839,0.937,D,2,2
FUL_EVE_2023-24,2023-24,8,2023-09-30,FUL,EVE,established_mid,smaller_club,Craven Cottage,29600,False,10,17,9,5,0.24136435901141784,Standard,0.24136435901141784,0.0,0.17380678550891318,0.14390454284071308,31,0.2702702702702703,Sunday 16:30,3,1,False,True,0.5712876499999999,0.3202744999999999,False,2,133,0.645759395663551,0.62,0.62,24398,16280,Flat/Slow,0.47,0.574,H,2,0
WOL_BRE_2023-24,2023-24,8,2023-09-30,WOL,BRE,established_mid,smaller_club,Molineux,32050,False,13,11,8,8,0.2442549501373031,Standard,0.2442549501373031,0.0,0.0,0.0,31,0.2702702702702703,Friday 20:00,2,1,False,False,0.5549718499999998,0.62919215,False,2,8,0.568394641310615,0.666,0.666,27849,19230,Flat/Slow,0.47,0.574,A,0,3
BHA_NFO_2023-24,2023-24,8,2023-09-30,BHA,NFO,established_mid,smaller_club,Amex Stadium,31800,False,5,14,13,7,0.2500361323890736,Standard,0.2500361323890736,0.20931569867740085,0.17006900517538817,0.0,31,0.2702702702702703,Saturday 15:00,1,1,False,False,0.74051315,0.3575149999999999,True,3,218,0.8393356604875954,0.762,0.762,29031,20670,Flat/Slow,0.47,0.574,H,4,2
WHU_LEI_2023-24,2023-24,8,2023-09-30,WHU,LEI,established_mid,smaller_club,London Stadium,62500,False,12,20,8,1,0.23413788119670476,Standard,0.23413788119670476,0.0,0.17006900517538817,0.0,31,0.2702702702702703,Sunday 16:30,3,1,False,False,0.4879218499999999,0.058824499999999974,False,3,272,0.7512261838281933,0.686,0.686,54302,36250,Flat/Slow,0.47,0.574,H,4,1
NEW_BOU_2023-24,2023-24,8,2023-09-30,NEW,BOU,established_mid,smaller_club,St. James Park,52305,False,4,16,16,6,0.2529267235149588,Standard,0.2529267235149588,0.21621621621621623,0.17193789534215065,0.0,31,0.2702702702702703,Sunday 16:30,3,0,False,False,0.7941754999999999,0.36983764999999985,False,2,220,0.8470121241607633,0.855,0.855,50515,36613,Flat/Slow,0.47,0.574,H,0,0
AVL_IPS_2023-24,2023-24,8,2023-09-30,AVL,IPS,established_mid,smaller_club,Villa Park,42682,False,15,6,7,12,0.24859083682613095,Standard,0.24859083682613095,0.20701552616446237,0.17006900517538817,0.14864864864864866,31,0.2702702702702703,Saturday 15:00,1,0,False,False,0.48004999999999987,0.6433176499999999,False,2,75,0.7214862173179557,0.702,0.702,37857,26462,Flat/Slow,0.47,0.574,H,4,0
MUN_SOU_2023-24,2023-24,8,2023-09-30,MUN,SOU,big_six,smaller_club,Old Trafford,74310,False,1,19,17,2,0.24859083682613095,Standard,0.24859083682613095,0.21621621621621623,0.17193789534215065,0.0,31,0.2702702702702703,Saturday 17:30,3,1,False,True,0.7573728499999999,0.11783764999999996,True,3,165,0.5482788212428176,0.979,0.979,75400,63163,Flat/Slow,0.47,0.574,H,1,0
TOT_MCI_2023-24,2023-24,8,2023-09-30,TOT,MCI,big_six,big_six,Tottenham Hotspur Stadium,62850,False,9,7,10,12,0.2529267235149588,Standard,0.2529267235149588,0.0,0.0,0.14864864864864866,31,0.2702702702702703,Sunday 16:30,3,1,False,False,0.3282754999999999,0.4893078499999999,True,7,260,0.7876932119555052,1.0,1.1,63476,52165,Immediate Sellout,1.0,1.0,D,0,0
CHE_LIV_2023-24,2023-24,8,2023-09-30,CHE,LIV,big_six,big_six,Stamford Bridge,40834,False,3,8,16,11,0.2601532013296719,Standard,0.2601532013296719,0.21621621621621623,0.0,0.14864864864864866,31,0.2702702702702703,Saturday 12:30,4,1,False,False,0.7311754999999998,0.4707123499999999,False,7,69,0.7119890607844892,1.0,1.1,40423,32667,Immediate Sellout,1.0,1.0,H,0,1
ARS_FUL_2023-24,2023-24,9,2023-10-07,ARS,FUL,big_six,established_mid,Emirates Stadium,60704,False,4,7,18,12,0.2783186501418546,Standard,0.2783186501418546,0.23567567567567568,0.0,0.16202702702702704,30,0.2945945945945946,Friday 20:00,2,2,False,False,0.7300286449999999,0.699901355,False,5,91,0.7318468557047101,0.977,0.977,62794,53419,Consistent Gradual,0.525,0.69,H,3,1
CPL_WOL_2023-24,2023-24,9,2023-10-07,CPL,WOL,established_mid,established_mid,Selhurst Park,25486,False,18,14,5,8,0.2506495445721965,Standard,0.2506495445721965,0.0,0.2462550395699567,0.0,30,0.2945945945945946,Friday 20:00,2,2,False,False,0.3381771499999999,0.38848029499999986,False,2,141,0.800009910268149,0.725,0.725,23077,15291,Consistent Gradual,0.525,0.69,A,1,2
EVE_BHA_2023-24,2023-24,9,2023-10-07,EVE,BHA,smaller_club,established_mid,Goodison Park,39414,False,17,5,5,16,0.2636703001343885,Standard,0.2636703001343885,0.2304959904959905,0.19148648648648647,0.0,30,0.2945945945945946,Saturday 15:00,1,2,False,False,0.22419214999999992,0.8183592049999999,False,3,433,0.8273577393173843,0.74,0.74,36159,25619,Consistent Gradual,0.525,0.69,D,2,2
BRE_WHU_2023-24,2023-24,9,2023-10-07,BRE,WHU,smaller_club,established_mid,Gtech Community Stadium,17250,False,9,10,11,11,0.2652978945796625,Standard,0.2652978945796625,0.0,0.0,0.16024651024651027,30,0.2945945945945946,Saturday 12:30,4,2,False,False,0.7404345049999999,0.6415452949999999,False,3,251,0.7028742547648366,0.738,0.738,15349,9487,Consistent Gradual,0.525,0.69,H,2,2
NFO_NEW_2023-24,2023-24,9,2023-10-07,NFO,NEW,smaller_club,established_mid,City Ground,30445,False,15,3,7,19,0.27180827236075855,Standard,0.27180827236075855,0.23567567567567568,0.1872779922779923,0.0,30,0.2945945945945946,Sunday 16:30,3,2,False,False,0.25026049999999994,0.8559228499999998,True,3,287,0.7438040215600141,0.806,0.806,28251,17658,Consistent Gradual,0.525,0.69,D,0,0
LEI_AVL_2023-24,2023-24,9,2023-10-07,LEI,AVL,smaller_club,established_mid,King Power Stadium,32261,True,20,13,1,10,0.24739435568164847,Standard,0.24739435568164847,0.0,0.1830694980694981,0.0,30,0.2945945945945946,Sunday 16:30,3,1,False,False,0.04117714999999998,0.6360349999999999,False,3,43,0.8026294708458745,1.0,1.04,32581,19356,Consistent Gradual,0.525,0.69,A,2,1
BOU_MUN_2023-24,2023-24,9,2023-10-07,BOU,MUN,smaller_club,big_six,Vitality Stadium,11307,False,16,1,6,20,0.27180827236075855,Standard,0.27180827236075855,0.23567567567567568,0.18938223938223941,0.0,30,0.2945945945945946,Sunday 16:30,3,2,False,False,0.2588863549999999,0.830160995,False,3,343,0.7988507212610242,0.825,0.825,10065,5653,Early Surge,0.839,0.937,A,0,1
IPS_TOT_2023-24,2023-24,9,2023-10-07,IPS,TOT,smaller_club,big_six,Portman Road,30000,False,8,12,12,11,0.2669254890249365,Standard,0.2669254890249365,0.0,0.0,0.16202702702702704,30,0.2945945945945946,Saturday 15:00,1,1,False,False,0.45032235499999984,0.3797928499999999,True,3,194,0.5796324503260816,0.82,0.82,28023,16500,Early Surge,0.839,0.937,H,3,1
SOU_CHE_2023-24,2023-24,9,2023-10-07,SOU,CHE,smaller_club,big_six,St. Mary's Stadium,32384,False,19,2,2,19,0.2636703001343885,Standard,0.2636703001343885,0.23567567567567568,0.18517374517374516,0.0,30,0.2945945945945946,Midweek Tue/Wed 20:00,2,2,False,False,0.08248635499999997,0.8118228499999998,False,3,390,0.4363306993382455,0.719,0.719,28900,17811,Early Surge,0.839,0.937,A,0,4
MCI_LIV_2023-24,2023-24,9,2023-10-07,MCI,LIV,big_six,big_six,Etihad Stadium,53400,True,6,11,13,11,0.2685530834702105,Standard,0.2685530834702105,0.22272646272646274,0.0,0.16202702702702704,30,0.2945945945945946,Sunday 16:30,3,1,False,False,0.4925154949999999,0.3294986449999999,False,8,427,0.7855303127723867,1.0,1.1,53933,43788,Immediate Sellout,1.0,1.0,H,1,0
WOL_ARS_2023-24,2023-24,10,2023-10-14,WOL,ARS,established_mid,big_six,Molineux,32050,False,14,3,11,21,0.29340540540540544,Standard,0.29340540540540544,0.25513513513513514,0.19316339066339067,0.0,29,0.31891891891891894,Sunday 14:00,2,1,False,False,0.5719362064999999,0.8110200514999999,False,5,394,0.4275721084611353,0.925,0.925,31260,19230,Early Surge,0.839,0.937,A,0,1
BHA_FUL_2023-24,2023-24,10,2023-10-14,BHA,FUL,established_mid,established_mid,Amex Stadium,31800,False,5,10,17,12,0.28793822393822394,Standard,0.28793822393822394,0.2464373464373465,0.0,0.17540540540540542,29,0.31891891891891894,Saturday 15:00,1,1,False,False,0.7228514435,0.4899309484999999,True,3,443,0.7011960562171832,0.889,0.889,30177,20670,Consistent Gradual,0.525,0.69,H,1,1
WHU_CPL_2023-24,2023-24,10,2023-10-14,WHU,CPL,established_mid,established_mid,London Stadium,62500,False,11,18,11,5,0.26424710424710424,Standard,0.26424710424710424,0.0,0.20729729729729732,0.0,29,0.31891891891891894,Saturday 12:30,4,2,False,False,0.4490817064999999,0.23672400499999993,False,3,23,0.8195848546101508,0.782,0.782,57277,36250,Consistent Gradual,0.525,0.69,A,0,4
NEW_EVE_2023-24,2023-24,10,2023-10-14,NEW,EVE,established_mid,smaller_club,St. James Park,52305,False,4,16,20,6,0.2824710424710425,Standard,0.2824710424710425,0.25513513513513514,0.20494164619164623,0.0,29,0.31891891891891894,Sunday 16:30,3,1,False,False,0.7491459949999998,0.30693450499999997,False,3,139,0.5381067624300653,0.838,0.838,50069,36613,Flat/Slow,0.47,0.574,H,4,2
AVL_BRE_2023-24,2023-24,10,2023-10-14,AVL,BRE,established_mid,smaller_club,Villa Park,42682,False,9,8,13,14,0.28429343629343634,Standard,0.28429343629343634,0.0,0.0,0.1734121621621622,29,0.31891891891891894,Midweek Tue/Wed 20:00,2,2,False,False,0.7452245,0.8183041535,False,3,327,0.784578010849021,0.673,0.673,38037,26462,Flat/Slow,0.47,0.574,D,2,2
MUN_NFO_2023-24,2023-24,10,2023-10-14,MUN,NFO,big_six,smaller_club,Old Trafford,74310,False,1,15,23,8,0.2915830115830116,Standard,0.2915830115830116,0.25513513513513514,0.200230343980344,0.0,29,0.31891891891891894,Monday 20:00,2,2,False,False,0.8811126965,0.32518234999999995,True,4,239,0.7762794134346127,0.807,0.807,73617,63163,Flat/Slow,0.47,0.574,H,1,0
TOT_LEI_2023-24,2023-24,10,2023-10-14,TOT,LEI,big_six,smaller_club,Tottenham Hotspur Stadium,62850,False,13,20,11,1,0.256957528957529,Standard,0.256957528957529,0.0,0.1978746928746929,0.0,29,0.31891891891891894,Saturday 17:30,3,1,False,False,0.2658549949999999,0.028824004999999986,True,4,60,0.6739689618533912,0.913,0.913,62649,52165,Flat/Slow,0.47,0.574,H,3,1
CHE_BOU_2023-24,2023-24,10,2023-10-14,CHE,BOU,big_six,smaller_club,Stamford Bridge,40834,False,2,17,22,6,0.28611583011583014,Standard,0.28611583011583014,0.25513513513513514,0.20494164619164623,0.0,29,0.31891891891891894,Saturday 15:00,1,1,False,True,0.8682759949999999,0.1812204484999999,False,3,307,0.507979380372984,0.852,0.852,39401,32667,Flat/Slow,0.47,0.574,H,3,0
LIV_IPS_2023-24,2023-24,10,2023-10-14,LIV,IPS,big_six,smaller_club,Anfield,61276,False,12,7,11,15,0.2824710424710425,Standard,0.2824710424710425,0.0,0.0,0.17540540540540542,29,0.31891891891891894,Saturday 15:00,1,1,False,False,0.23064905149999992,0.6152256484999998,False,4,75,0.4279806641548064,0.864,0.864,62732,55148,Flat/Slow,0.47,0.574,H,0,2
MCI_SOU_2023-24,2023-24,10,2023-10-14,MCI,SOU,big_six,smaller_club,Etihad Stadium,53400,False,6,19,16,2,0.2678918918918919,Standard,0.2678918918918919,0.24353808353808357,0.200230343980344,0.17540540540540542,29,0.31891891891891894,Sunday 14:00,2,1,False,True,0.6447608464999999,0.05774044849999997,False,4,196,0.6946274514823629,0.897,0.897,52661,43788,Flat/Slow,0.47,0.574,H,3,0
ARS_BHA_2023-24,2023-24,11,2023-10-21,ARS,BHA,big_six,established_mid,Emirates Stadium,60704,False,3,5,24,20,0.3269950423796578,European Spot,0.3269950423796578,0.2745945945945946,0.0,0.0,28,0.3432432432432433,Sunday 16:30,3,2,False,False,0.86771403605,0.8059960104499999,False,6,57,0.4436839975970368,1.0,1.1,63130,53419,Consistent Gradual,0.525,0.69,H,1,0
WOL_WHU_2023-24,2023-24,11,2023-10-21,WOL,WHU,established_mid,established_mid,Molineux,32050,False,14,13,11,11,0.28231249000479774,Standard,0.28231249000479774,0.0,0.20998410174880766,0.0,28,0.3432432432432433,Sunday 14:00,2,1,False,False,0.4003553445499999,0.3143571945499999,False,3,64,0.7030749204395178,0.777,0.777,29468,19230,Consistent Gradual,0.525,0.69,A,1,1
FUL_NEW_2023-24,2023-24,11,2023-10-21,FUL,NEW,established_mid,established_mid,Craven Cottage,29600,False,12,4,12,23,0.3087158164081242,European Spot,0.3087158164081242,0.2745945945945946,0.0,0.0,28,0.3432432432432433,Sunday 16:30,3,2,False,False,0.34295166394999993,0.8244021964999999,False,3,5,0.6133301760174052,0.806,0.806,26937,16280,Consistent Gradual,0.525,0.69,A,1,1
CPL_AVL_2023-24,2023-24,11,2023-10-21,CPL,AVL,established_mid,established_mid,Selhurst Park,25486,False,16,9,8,14,0.28231249000479774,Standard,0.28231249000479774,0.0,0.21785850556438796,0.1865627980922099,28,0.3432432432432433,Sunday 16:30,3,1,False,False,0.46570680349999993,0.6716571499999999,False,3,45,0.8916885135340713,0.8,0.8,23608,15291,Consistent Gradual,0.525,0.69,H,4,2
EVE_MUN_2023-24,2023-24,11,2023-10-21,EVE,MUN,smaller_club,big_six,Goodison Park,39414,False,17,1,6,26,0.3026227410842796,European Spot,0.3026227410842796,0.2745945945945946,0.22310810810810813,0.0,28,0.3432432432432433,Saturday 17:30,3,2,False,False,0.21485415349999998,0.91677888755,False,4,398,0.6970570261495989,0.971,0.971,39762,25619,Early Surge,0.839,0.937,A,2,1
BRE_TOT_2023-24,2023-24,11,2023-10-21,BRE,TOT,smaller_club,big_six,Gtech Community Stadium,17250,False,8,10,15,14,0.29652966576043505,Standard,0.29652966576043505,0.0,0.0,0.18878378378378383,28,0.3432432432432433,Saturday 15:00,1,1,False,False,0.7228129074499999,0.4860984964999999,False,4,199,0.783646673079371,0.833,0.833,15889,9487,Early Surge,0.839,0.937,A,1,2
NFO_CHE_2023-24,2023-24,11,2023-10-21,NFO,CHE,smaller_club,big_six,City Ground,30445,False,15,2,8,25,0.3046537661922278,European Spot,0.3046537661922278,0.2745945945945946,0.21785850556438796,0.0,28,0.3432432432432433,Friday 20:00,2,2,False,False,0.22762764499999996,0.9077931964999999,True,4,75,0.6871951518152114,0.979,0.979,30647,17658,Early Surge,0.839,0.937,A,0,3
LEI_LIV_2023-24,2023-24,11,2023-10-21,LEI,LIV,smaller_club,big_six,King Power Stadium,32261,False,20,11,1,14,0.26809531424916044,Standard,0.26809531424916044,0.0,0.20998410174880766,0.0,28,0.3432432432432433,Saturday 15:00,1,2,False,False,0.02017680349999999,0.4614543360499999,False,5,369,0.7145486472086624,0.846,0.846,30699,19356,Early Surge,0.839,0.937,D,1,1
BOU_MCI_2023-24,2023-24,11,2023-10-21,BOU,MCI,smaller_club,big_six,Vitality Stadium,11307,False,18,6,6,19,0.28840556532864225,Standard,0.28840556532864225,0.26167249602543724,0.22310810810810813,0.18878378378378383,28,0.3432432432432433,Saturday 17:30,3,1,False,False,0.12685431394999994,0.7513325925499998,False,4,324,0.7595057650600376,0.812,0.812,10024,5653,Early Surge,0.839,0.937,D,3,3
IPS_SOU_2023-24,2023-24,11,2023-10-21,IPS,SOU,smaller_club,smaller_club,Portman Road,30000,False,7,19,15,2,0.27215736446505684,Standard,0.27215736446505684,0.0,0.21260890302066773,0.18878378378378383,28,0.3432432432432433,Saturday 12:30,4,1,False,False,0.43065795394999984,0.04041831394999998,True,0,246,0.6672096125032749,0.65,0.65,25856,16500,Flat/Slow,0.47,0.574,H,3,1
WHU_ARS_2023-24,2023-24,12,2023-10-28,WHU,ARS,established_mid,big_six,London Stadium,62500,False,11,3,14,27,0.32923229978444707,European Spot,0.32923229978444707,0.2940540540540541,0.0,0.0,27,0.3675675675675676,Sunday 16:30,3,2,False,False,0.5200500361849999,0.907399825235,False,6,403,0.45057839962318175,0.987,0.987,62663,36250,Early Surge,0.839,0.937,H,4,2
NEW_BHA_2023-24,2023-24,12,2023-10-28,NEW,BHA,established_mid,established_mid,St. James Park,52305,False,4,5,26,20,0.3405073785441884,European Spot,0.3405073785441884,0.2940540540540541,0.0,0.0,27,0.3675675675675676,Saturday 15:00,1,2,False,False,0.8770815375499998,0.5641972073149999,False,4,230,0.4526610113671791,0.938,0.938,52049,36613,Consistent Gradual,0.525,0.69,A,0,0
AVL_WOL_2023-24,2023-24,12,2023-10-28,AVL,WOL,established_mid,established_mid,Villa Park,42682,True,12,15,14,11,0.2931520477532748,Standard,0.2931520477532748,0.0,0.2243506921555702,0.0,27,0.3675675675675676,Midweek Tue/Wed 20:00,2,1,False,False,0.47016000499999994,0.28024874118499987,False,3,279,0.7041419144640906,1.0,1.064,43106,26462,Consistent Gradual,0.525,0.69,H,1,2
MUN_FUL_2023-24,2023-24,12,2023-10-28,MUN,FUL,big_six,established_mid,Old Trafford,74310,False,1,13,29,12,0.32923229978444707,European Spot,0.32923229978444707,0.2940540540540541,0.0,0.0,27,0.3675675675675676,Saturday 15:00,1,2,False,False,0.9417452212849999,0.24006616476499992,True,4,407,0.752356808806057,1.0,1.1,75793,63163,Consistent Gradual,0.525,0.69,H,0,0
TOT_CPL_2023-24,2023-24,12,2023-10-28,TOT,CPL,big_six,established_mid,Tottenham Hotspur Stadium,62850,False,8,14,17,11,0.29991709500911956,Standard,0.29991709500911956,0.0,0.2243506921555702,0.1996967699406724,27,0.3675675675675676,Saturday 17:30,3,1,False,False,0.6402689475499999,0.62599476245,True,4,7,0.5531102242491437,1.0,1.066,63476,52165,Consistent Gradual,0.525,0.69,H,1,1
CHE_EVE_2023-24,2023-24,12,2023-10-28,CHE,EVE,big_six,smaller_club,Stamford Bridge,40834,False,2,18,28,6,0.31344718952080913,European Spot,0.31344718952080913,0.2940540540540541,0.23891891891891895,0.0,27,0.3675675675675676,Sunday 16:30,3,1,False,True,0.9354552375499998,0.15039790744999998,False,4,51,0.63250289408418,0.994,0.994,40411,32667,Consistent Gradual,0.525,0.69,H,3,2
LIV_BRE_2023-24,2023-24,12,2023-10-28,LIV,BRE,big_six,smaller_club,Anfield,61276,False,10,9,15,15,0.3044271265130161,European Spot,0.3044271265130161,0.0,0.0,0.19476598549769283,27,0.3675675675675676,Saturday 15:00,1,1,False,False,0.47301803523499997,0.5059690352149999,False,5,75,0.897537039597555,0.934,0.934,63750,55148,Consistent Gradual,0.525,0.69,H,0,1
MCI_NFO_2023-24,2023-24,12,2023-10-28,MCI,NFO,big_six,smaller_club,Etihad Stadium,53400,False,6,16,20,8,0.29991709500911956,Standard,0.29991709500911956,0.272537903757416,0.23309162821357945,0.20216216216216218,27,0.3675675675675676,Saturday 17:30,3,1,False,False,0.6759328147849999,0.15933935149999998,False,5,343,0.5621217574906122,0.855,0.855,52317,43788,Flat/Slow,0.47,0.574,H,0,2
SOU_LEI_2023-24,2023-24,12,2023-10-28,SOU,LEI,smaller_club,smaller_club,St. Mary's Stadium,32384,False,20,19,2,2,0.29709832531918423,Standard,0.24579671696236116,0.0,0.29709832531918423,0.0,27,0.3675675675675676,Sunday 14:00,2,2,False,False,0.028292819764999984,0.16412376245,False,1,399,0.5749463503222009,0.518,0.518,25657,17811,Flat/Slow,0.47,0.574,A,0,2
IPS_BOU_2023-24,2023-24,12,2023-10-28,IPS,BOU,smaller_club,smaller_club,Portman Road,30000,False,7,17,18,7,0.2931520477532748,Standard,0.2931520477532748,0.0,0.2360052735662492,0.20216216216216218,27,0.3675675675675676,Sunday 14:00,2,1,False,False,0.6014605677649998,0.23879801976499992,True,0,74,0.8822042876915932,0.602,0.602,25036,16500,Flat/Slow,0.47,0.574,D,0,0
ARS_NEW_2023-24,2023-24,13,2023-11-04,ARS,NEW,big_six,established_mid,Emirates Stadium,60704,False,3,4,27,26,0.36443449819246,European Spot,0.36443449819246,0.31351351351351353,0.0,0.0,26,0.3918918918918919,Sunday 16:30,3,2,False,True,0.6351798776644999,0.6139570762849998,False,6,171,0.8654671643669152,1.0,1.1,63130,53419,Consistent Gradual,0.525,0.69,A,1,4
WHU_AVL_2023-24,2023-24,13,2023-11-04,WHU,AVL,established_mid,established_mid,London Stadium,62500,False,10,11,17,17,0.31700809089344123,European Spot,0.31700809089344123,0.0,0.0,0.20735545672254535,26,0.3918918918918919,Friday 20:00,2,1,False,False,0.6640350253294999,0.6291120035,False,4,169,0.4243520905635958,0.816,0.816,57403,36250,Consistent Gradual,0.525,0.69,A,2,2
BHA_MUN_2023-24,2023-24,13,2023-11-04,BHA,MUN,established_mid,big_six,Amex Stadium,31800,False,5,1,23,32,0.36942675159235666,European Spot,0.36942675159235666,0.31351351351351353,0.0,0.0,26,0.3918918918918919,Monday 20:00,2,1,False,False,0.6949380451204998,0.9592216548994998,True,5,92,0.8467915649644386,1.0,1.052,31480,20670,Early Surge,0.839,0.937,A,1,0
WOL_TOT_2023-24,2023-24,13,2023-11-04,WOL,TOT,established_mid,big_six,Molineux,32050,False,15,7,11,20,0.30951971079359614,European Spot,0.30951971079359614,0.0,0.23860759493670888,0.21554054054054056,26,0.3918918918918919,Sunday 16:30,3,1,False,False,0.1961741188294999,0.7481882632849999,False,4,250,0.816058263506553,1.0,1.057,32368,19230,Early Surge,0.839,0.937,A,2,3
FUL_CHE_2023-24,2023-24,13,2023-11-04,FUL,CHE,established_mid,big_six,Craven Cottage,29600,True,13,2,12,31,0.3394732311929764,European Spot,0.3394732311929764,0.31351351351351353,0.0,0.0,26,0.3918918918918919,Sunday 14:00,2,1,False,False,0.16804631533549994,0.9548186662849998,False,4,293,0.6958263911113273,1.0,1.1,29599,16280,Early Surge,0.839,0.937,D,3,3
CPL_LIV_2023-24,2023-24,13,2023-11-04,CPL,LIV,established_mid,big_six,Selhurst Park,25486,False,14,9,11,18,0.30452745739369946,European Spot,0.30452745739369946,0.0,0.23860759493670888,0.21008381799521042,26,0.3918918918918919,Sunday 14:00,2,1,False,False,0.43819633371499994,0.6311126246645,False,5,152,0.8331511700631004,0.972,0.972,25441,15291,Early Surge,0.839,0.937,D,2,2
EVE_MCI_2023-24,2023-24,13,2023-11-04,EVE,MCI,smaller_club,big_six,Goodison Park,39414,False,18,6,6,23,0.30452745739369946,European Spot,0.30452745739369946,0.30160793705097505,0.25472972972972974,0.21554054054054056,26,0.3918918918918919,Saturday 15:00,1,1,False,False,0.10527853521499998,0.7731529703494999,False,5,73,0.43517442270909085,0.992,0.992,39866,25619,Early Surge,0.839,0.937,D,0,0
BRE_SOU_2023-24,2023-24,13,2023-11-04,BRE,SOU,smaller_club,smaller_club,Gtech Community Stadium,17250,False,12,20,15,2,0.2745739369943192,Standard,0.2745739369943192,0.0,0.24183202189531303,0.0,26,0.3918918918918919,Sunday 14:00,2,2,False,False,0.3541783246504999,0.01980497383549999,False,1,71,0.5640952281592619,0.587,0.587,13881,9487,Flat/Slow,0.47,0.574,H,4,1
NFO_IPS_2023-24,2023-24,13,2023-11-04,NFO,IPS,smaller_club,smaller_club,City Ground,30445,False,16,8,8,19,0.29953520399380273,Standard,0.29953520399380273,0.0,0.2482808758125214,0.2128121792678755,26,0.3918918918918919,Midweek Tue/Wed 20:00,2,2,False,False,0.11153754604999998,0.5710223974354999,True,1,215,0.7380698743476795,0.652,0.652,26197,17658,Flat/Slow,0.47,0.574,A,2,1
LEI_BOU_2023-24,2023-24,13,2023-11-04,LEI,BOU,smaller_club,smaller_club,King Power Stadium,32261,False,19,17,5,8,0.3267429850232398,European Spot,0.26458943019452574,0.0,0.3267429850232398,0.0,26,0.3918918918918919,Sunday 14:00,2,2,False,False,0.41488663371499995,0.3171586138354999,False,1,149,0.6443952730054966,0.671,0.671,28174,19356,Consistent Gradual,0.525,0.69,D,1,1
AVL_ARS_2023-24,2023-24,14,2023-11-11,AVL,ARS,established_mid,big_six,Villa Park,42682,False,9,4,20,27,0.35281904420977267,European Spot,0.35281904420977267,0.33297297297297296,0.0,0.2289189189189189,25,0.4162162162162162,Saturday 12:30,4,2,False,False,0.74037840245,0.4446259143651499,False,6,426,0.7152161481676393,1.0,1.089,43106,26462,Early Surge,0.839,0.937,A,0,0
MUN_NEW_2023-24,2023-24,14,2023-11-11,MUN,NEW,big_six,established_mid,Old Trafford,74310,False,1,3,35,29,0.3996778235188831,European Spot,0.3996778235188831,0.33297297297297296,0.0,0.0,25,0.4162162162162162,Saturday 15:00,1,2,False,False,0.9714551584296498,0.7297699533994999,True,5,50,0.8610878097837101,1.0,1.1,75793,63163,Consistent Gradual,0.525,0.69,H,0,2
TOT_WHU_2023-24,2023-24,14,2023-11-11,TOT,WHU,big_six,established_mid,Tottenham Hotspur Stadium,62850,False,7,12,23,17,0.3335242527295507,European Spot,0.3335242527295507,0.0,0.0,0.2289189189189189,25,0.4162162162162162,Sunday 16:30,3,2,False,False,0.8237317842994998,0.46482451773064987,True,5,328,0.48865846225547666,1.0,1.1,63476,52165,Consistent Gradual,0.525,0.69,D,3,3
CHE_BHA_2023-24,2023-24,14,2023-11-11,CHE,BHA,big_six,established_mid,Stamford Bridge,40834,False,2,6,32,23,0.3748702344728835,European Spot,0.3748702344728835,0.33297297297297296,0.0,0.2289189189189189,25,0.4162162162162162,Monday 20:00,2,2,False,False,0.8183730663994998,0.4864566315843499,False,5,255,0.4331592974484829,0.902,0.902,39551,32667,Consistent Gradual,0.525,0.69,H,2,0
LIV_WOL_2023-24,2023-24,14,2023-11-11,LIV,WOL,big_six,established_mid,Anfield,61276,False,10,15,19,11,0.3059602649006622,European Spot,0.3059602649006622,0.0,0.25630156472261734,0.21687055476529163,25,0.4162162162162162,Sunday 16:30,3,1,False,True,0.59177883726515,0.13732188318064992,False,5,249,0.743592889117048,1.0,1.1,64337,55148,Consistent Gradual,0.525,0.69,H,4,1
MCI_FUL_2023-24,2023-24,14,2023-11-11,MCI,FUL,big_six,established_mid,Etihad Stadium,53400,False,5,13,24,13,0.32525505638088414,European Spot,0.32525505638088414,0.3198293029871977,0.0,0.0,25,0.4162162162162162,Friday 20:00,2,1,False,False,0.69120707924465,0.26763242073484994,False,5,96,0.8258792490970617,1.0,1.077,53933,43788,Consistent Gradual,0.525,0.69,H,0,1
SOU_CPL_2023-24,2023-24,14,2023-11-11,SOU,CPL,smaller_club,established_mid,St. Mary's Stadium,32384,False,20,14,2,12,0.33035439412922857,European Spot,0.26185788437444063,0.0,0.33035439412922857,0.0,25,0.4162162162162162,Sunday 16:30,3,1,False,False,0.013863481684849991,0.4567374336004999,False,1,400,0.7873285796173369,0.72,0.72,29058,17811,Consistent Gradual,0.525,0.69,A,1,2
IPS_EVE_2023-24,2023-24,14,2023-11-11,IPS,EVE,smaller_club,smaller_club,Portman Road,30000,False,8,18,22,7,0.30320386611777334,European Spot,0.30320386611777334,0.0,0.27054054054054055,0.22590682788051208,25,0.4162162162162162,Saturday 12:30,4,1,False,False,0.6997156782048499,0.22369497465049998,True,1,435,0.7776224663216715,0.702,0.702,26598,16500,Consistent Gradual,0.525,0.69,H,0,1
BOU_BRE_2023-24,2023-24,14,2023-11-11,BOU,BRE,smaller_club,smaller_club,Vitality Stadium,11307,False,16,11,9,18,0.2976910685519957,Standard,0.2976910685519957,0.0,0.26342105263157894,0.0,25,0.4162162162162162,Saturday 15:00,1,1,False,False,0.3720110296848499,0.5479248272553499,False,1,96,0.5426168539583469,0.573,0.573,8686,5653,Flat/Slow,0.47,0.574,D,0,0
LEI_NFO_2023-24,2023-24,14,2023-11-11,LEI,NFO,smaller_club,smaller_club,King Power Stadium,32261,True,19,17,6,8,0.34909790585287276,European Spot,0.26185788437444063,0.0,0.34909790585287276,0.0,25,0.4162162162162162,Saturday 17:30,3,2,False,False,0.44042064360049993,0.07807628223499997,False,2,16,0.46997836275051896,0.872,0.872,30645,19356,Consistent Gradual,0.525,0.69,A,0,2
ARS_MUN_2023-24,2023-24,15,2023-11-18,ARS,MUN,big_six,big_six,Emirates Stadium,60704,False,3,1,30,38,0.4162348555452004,European Spot,0.4162348555452004,0.3524324324324325,0.0,0.0,24,0.4405405405405406,Saturday 12:30,4,1,False,True,0.6112381400556048,0.9800186109007547,False,7,144,0.7470428461139147,1.0,1.1,63130,53419,Immediate Sellout,1.0,1.0,H,4,1
AVL_TOT_2023-24,2023-24,15,2023-11-18,AVL,TOT,established_mid,big_six,Villa Park,42682,False,10,7,20,24,0.34331780055917993,European Spot,0.34331780055917993,0.0,0.0,0.24229729729729735,24,0.4405405405405406,Saturday 15:00,1,1,False,True,0.518264881715,0.7266122490096498,False,5,175,0.511905396527079,0.96,0.96,42745,26462,Early Surge,0.839,0.937,D,1,1
NEW_CHE_2023-24,2023-24,15,2023-11-18,NEW,CHE,established_mid,big_six,St. James Park,52305,False,4,2,29,35,0.4040820130475304,European Spot,0.4040820130475304,0.3524324324324325,0.0,0.0,24,0.4405405405405406,Sunday 16:30,3,1,False,False,0.51083896737965,0.8728611464796499,False,5,355,0.579142248825218,1.0,1.1,52826,36613,Early Surge,0.839,0.937,H,4,1
WHU_LIV_2023-24,2023-24,15,2023-11-18,WHU,LIV,established_mid,big_six,London Stadium,62500,False,12,9,18,22,0.3311649580615098,European Spot,0.3311649580615098,0.0,0.0,0.23565901517956317,24,0.4405405405405406,Sunday 14:00,2,2,False,False,0.4753771624114549,0.7142451860856049,False,6,375,0.6040853498487908,0.932,0.932,61660,36250,Early Surge,0.839,0.937,D,3,3
BHA_MCI_2023-24,2023-24,15,2023-11-18,BHA,MCI,established_mid,big_six,Amex Stadium,31800,False,8,5,23,27,0.361547064305685,European Spot,0.361547064305685,0.3427767493520919,0.0,0.24229729729729735,24,0.4405405405405406,Friday 20:00,2,1,False,False,0.3405196421090449,0.783844955471255,True,6,221,0.5190801371999375,1.0,1.1,31480,20670,Early Surge,0.839,0.937,A,0,2
WOL_SOU_2023-24,2023-24,15,2023-11-18,WOL,SOU,established_mid,smaller_club,Molineux,32050,False,16,20,11,2,0.3512171481826655,European Spot,0.24913327120223674,0.0,0.3512171481826655,0.0,24,0.4405405405405406,Saturday 17:30,3,1,False,False,0.09612531822645494,0.009704437179394993,False,1,312,0.8353389947847274,0.719,0.719,28564,19230,Consistent Gradual,0.525,0.69,H,4,2
FUL_IPS_2023-24,2023-24,15,2023-11-18,FUL,IPS,established_mid,smaller_club,Craven Cottage,29600,False,14,6,13,25,0.33312106627175125,European Spot,0.32508853681267474,0.33312106627175125,0.26281562384302115,0.24229729729729735,24,0.4405405405405406,Saturday 15:00,1,2,False,True,0.18734269451439495,0.789800974743395,False,1,290,0.8548702808737427,0.595,0.595,24292,16280,Consistent Gradual,0.525,0.69,D,1,1
CPL_BOU_2023-24,2023-24,15,2023-11-18,CPL,BOU,established_mid,smaller_club,Selhurst Park,25486,False,13,17,15,10,0.285591798695247,Standard,0.285591798695247,0.0,0.27458348759718626,0.0,24,0.4405405405405406,Saturday 17:30,3,2,False,False,0.6197162035203498,0.4104077207793949,False,1,304,0.7909501999423958,0.621,0.621,21917,15291,Flat/Slow,0.47,0.574,D,0,0
EVE_LEI_2023-24,2023-24,15,2023-11-18,EVE,LEI,smaller_club,smaller_club,Goodison Park,39414,False,18,19,7,6,0.3718769804287046,European Spot,0.24913327120223674,0.0,0.3718769804287046,0.0,24,0.4405405405405406,Saturday 12:30,4,2,False,False,0.15658648225534996,0.3082944505203499,False,2,431,0.5246324077656748,0.754,0.754,36889,25619,Consistent Gradual,0.525,0.69,H,3,0
BRE_NFO_2023-24,2023-24,15,2023-11-18,BRE,NFO,smaller_club,smaller_club,Gtech Community Stadium,17250,False,11,15,19,11,0.3007828518173346,European Spot,0.3007828518173346,0.0,0.2706608663457979,0.0,24,0.4405405405405406,Saturday 12:30,4,2,False,False,0.5335473790787448,0.3546533975645,False,2,382,0.8235957579521171,0.683,0.683,14692,9487,Consistent Gradual,0.525,0.69,H,0,2
TOT_ARS_2023-24,2023-24,16,2023-11-25,TOT,ARS,big_six,big_six,Tottenham Hotspur Stadium,62850,True,7,3,25,33,0.4046665370406378,European Spot,0.4046665370406378,0.3718918918918919,0.0,0.25567567567567573,23,0.4648648648648649,Sunday 16:30,3,2,False,False,0.6586285743067549,0.7278666980389233,True,7,208,0.6817995818101708,1.0,1.1,63476,52165,Immediate Sellout,1.0,1.0,H,2,0
CHE_MUN_2023-24,2023-24,16,2023-11-25,CHE,MUN,big_six,big_six,Stamford Bridge,40834,False,2,1,35,38,0.4548318102274937,European Spot,0.4548318102274937,0.3718918918918919,0.0,0.0,23,0.4648648648648649,Sunday 16:30,3,1,False,True,0.6110028025357549,0.6860130276305283,False,6,13,0.7534153317735548,1.0,1.1,40423,32667,Immediate Sellout,1.0,1.0,A,1,2
LIV_AVL_2023-24,2023-24,16,2023-11-25,LIV,AVL,big_six,established_mid,Anfield,61276,False,9,11,23,21,0.35784561539957227,European Spot,0.35784561539957227,0.0,0.0,0.24837065637065642,23,0.4648648648648649,Sunday 14:00,2,1,False,True,0.6499716302599234,0.5127854172005,False,6,227,0.43314795191463845,1.0,1.1,64337,55148,Consistent Gradual,0.525,0.69,D,0,0
MCI_NEW_2023-24,2023-24,16,2023-11-25,MCI,NEW,big_six,established_mid,Etihad Stadium,53400,False,5,4,30,32,0.41804394322379934,European Spot,0.41804394322379934,0.3718918918918919,0.0,0.0,23,0.4648648648648649,Friday 20:00,2,1,False,True,0.8486914688298783,0.6575872771657549,False,6,233,0.7292175507931837,1.0,1.1,53933,43788,Consistent Gradual,0.525,0.69,H,1,0
SOU_WHU_2023-24,2023-24,16,2023-11-25,SOU,WHU,smaller_club,established_mid,St. Mary's Stadium,32384,False,20,12,2,19,0.26762934362934365,Standard,0.0,0.0,0.26762934362934365,0.0,23,0.4648648648648649,Sunday 14:00,2,1,False,False,0.006793106025576495,0.48276401368801836,False,2,317,0.555218067093558,0.63,0.63,27936,17811,Consistent Gradual,0.525,0.69,D,1,1
IPS_BHA_2023-24,2023-24,16,2023-11-25,IPS,BHA,smaller_club,established_mid,Portman Road,30000,False,6,8,26,23,0.37456737312852423,European Spot,0.37456737312852423,0.34001544401544403,0.0,0.25567567567567573,23,0.4648648648648649,Midweek Tue/Wed 20:00,2,1,False,False,0.7028606823203765,0.2383637494763314,True,2,280,0.7678403123874166,0.759,0.759,26908,16500,Consistent Gradual,0.525,0.69,A,0,3
BOU_WOL_2023-24,2023-24,16,2023-11-25,BOU,WOL,smaller_club,established_mid,Vitality Stadium,11307,False,17,15,11,14,0.380921641065526,European Spot,0.29430293602955476,0.0,0.380921641065526,0.0,23,0.4648648648648649,Sunday 16:30,3,1,False,False,0.4372854045455764,0.36728772275851845,False,1,311,0.5095281159350615,0.78,0.78,9811,5653,Consistent Gradual,0.525,0.69,H,4,1
LEI_FUL_2023-24,2023-24,16,2023-11-25,LEI,FUL,smaller_club,established_mid,King Power Stadium,32261,False,19,14,6,14,0.37239354462376045,European Spot,0.2775811783006028,0.0,0.37239354462376045,0.0,23,0.4648648648648649,Saturday 17:30,3,2,False,False,0.21580611536424493,0.28113988616007646,False,2,147,0.8106048188148427,0.783,0.783,29410,19356,Consistent Gradual,0.525,0.69,D,1,1
NFO_CPL_2023-24,2023-24,16,2023-11-25,NFO,CPL,smaller_club,established_mid,City Ground,30445,False,16,13,11,16,0.3009916391211355,European Spot,0.3009916391211355,0.0,0.2978455598455599,0.0,23,0.4648648648648649,Sunday 14:00,2,1,False,False,0.24825737829514996,0.5838013424642449,True,2,38,0.7059614092070876,0.857,0.857,28459,17658,Consistent Gradual,0.525,0.69,A,1,0
BRE_EVE_2023-24,2023-24,16,2023-11-25,BRE,EVE,smaller_club,smaller_club,Gtech Community Stadium,17250,False,10,18,22,10,0.3177133968500875,European Spot,0.3177133968500875,0.0,0.3021621621621622,0.24471814671814676,23,0.4648648648648649,Midweek Tue/Wed 20:00,2,2,False,False,0.6734831653551214,0.40961053757874494,False,2,248,0.7994111275486908,0.634,0.634,14285,9487,Consistent Gradual,0.525,0.69,H,1,0
ARS_CHE_2023-24,2023-24,17,2023-12-02,ARS,CHE,big_six,big_six,Emirates Stadium,60704,True,3,2,33,35,0.43769559032716926,European Spot,0.43769559032716926,0.39135135135135135,0.0,0.0,22,0.4891891891891892,Saturday 12:30,4,2,False,False,0.5095066886272464,0.4277019617750284,False,7,140,0.593283272307521,1.0,1.1,63130,53419,Immediate Sellout,1.0,1.0,H,2,2
TOT_LIV_2023-24,2023-24,17,2023-12-02,TOT,LIV,big_six,big_six,Tottenham Hotspur Stadium,62850,False,6,10,28,24,0.37884576305628936,European Spot,0.37884576305628936,0.3621460266236386,0.0,0.2690540540540541,22,0.4891891891891892,Sunday 16:30,3,4,False,False,0.7610400020147283,0.6049801411819463,True,7,116,0.41047329496827034,1.0,1.1,63476,52165,Immediate Sellout,1.0,1.0,H,0,1
MUN_MCI_2023-24,2023-24,17,2023-12-02,MUN,MCI,big_six,big_six,Old Trafford,74310,True,1,4,41,33,0.4597642755537492,European Spot,0.4597642755537492,0.39135135135135135,0.0,0.0,22,0.4891891891891892,Saturday 12:30,4,4,False,False,0.7802091193413698,0.8940840281809148,True,7,415,0.8761403209866001,1.0,1.1,75793,63163,Immediate Sellout,1.0,1.0,H,1,2
AVL_SOU_2023-24,2023-24,17,2023-12-02,AVL,SOU,established_mid,smaller_club,Villa Park,42682,False,11,20,22,3,0.28475191609519973,Standard,0.0,0.0,0.28475191609519973,0.0,22,0.4891891891891892,Sunday 14:00,2,2,False,False,0.50894979204035,0.15475517421790355,False,2,258,0.464099713346431,0.673,0.673,37855,26462,Flat/Slow,0.47,0.574,H,1,0
NEW_IPS_2023-24,2023-24,17,2023-12-02,NEW,IPS,established_mid,smaller_club,St. James Park,52305,False,5,7,32,26,0.4009144482828693,European Spot,0.4009144482828693,0.3855102864058088,0.0,0.2690540540540541,22,0.4891891891891892,Saturday 15:00,1,2,False,False,0.46031109401602843,0.49200247762426347,False,2,282,0.8712193864015704,0.804,0.804,49428,36613,Consistent Gradual,0.525,0.69,H,2,2
WHU_BOU_2023-24,2023-24,17,2023-12-02,WHU,BOU,established_mid,smaller_club,London Stadium,62500,False,12,15,20,14,0.3126397073765495,European Spot,0.3126397073765495,0.0,0.2989895118999597,0.0,22,0.4891891891891892,Saturday 12:30,4,3,False,False,0.48793480958161284,0.6060997831819035,False,2,201,0.8918677122937255,0.677,0.677,54635,36250,Consistent Gradual,0.525,0.69,H,3,0
BHA_LEI_2023-24,2023-24,17,2023-12-02,BHA,LEI,established_mid,smaller_club,Amex Stadium,31800,False,8,19,26,7,0.30373537716821297,European Spot,0.0,0.0,0.30373537716821297,0.2690540540540541,22,0.4891891891891892,Saturday 12:30,4,4,False,False,0.46685462463343197,0.30106428075497144,True,3,375,0.8058867622693694,0.758,0.758,29124,20670,Consistent Gradual,0.525,0.69,H,4,2
WOL_NFO_2023-24,2023-24,17,2023-12-02,WOL,NFO,established_mid,smaller_club,Molineux,32050,False,16,17,14,11,0.4001788254419833,European Spot,0.27953667953667954,0.0,0.4001788254419833,0.0,22,0.4891891891891892,Saturday 15:00,1,2,False,False,0.2571014059309629,0.17378016480660496,False,2,354,0.6215523599218526,0.676,0.676,28028,19230,Consistent Gradual,0.525,0.69,D,1,1
FUL_BRE_2023-24,2023-24,17,2023-12-02,FUL,BRE,established_mid,smaller_club,Craven Cottage,29600,False,14,9,15,25,0.33470839260312946,European Spot,0.33470839260312946,0.0,0.2942436466317063,0.26503832190399357,22,0.4891891891891892,Friday 20:00,2,2,False,False,0.3467979203120535,0.771438215748585,False,2,94,0.553169410242601,0.652,0.652,25398,16280,Consistent Gradual,0.525,0.69,A,2,0
CPL_EVE_2023-24,2023-24,17,2023-12-02,CPL,EVE,established_mid,smaller_club,Selhurst Park,25486,False,13,18,19,10,0.317972972972973,European Spot,0.2942491363543995,0.0,0.317972972972973,0.0,22,0.4891891891891892,Monday 20:00,2,3,False,False,0.7086609397249714,0.28672737630512146,False,2,96,0.48221356726638315,0.567,0.567,21554,15291,Consistent Gradual,0.525,0.69,H,3,2
LIV_ARS_2023-24,2023-24,18,2023-12-09,LIV,ARS,big_six,big_six,Anfield,61276,False,11,2,24,36,0.41081081081081083,European Spot,0.4002979357310065,0.41081081081081083,0.0,0.0,21,0.5135135135135135,Sunday 16:30,3,2,False,False,0.4234860988273624,0.6566546820390724,False,8,142,0.8241128889000546,1.0,1.1,64337,55148,Immediate Sellout,1.0,1.0,H,2,1
MCI_CHE_2023-24,2023-24,18,2023-12-09,MCI,CHE,big_six,big_six,Etihad Stadium,53400,False,5,3,33,35,0.4326452436688657,European Spot,0.4326452436688657,0.41081081081081083,0.0,0.0,21,0.5135135135135135,Sunday 16:30,3,2,False,False,0.6258588197266404,0.29939137324251985,False,7,281,0.6328702841747385,1.0,1.1,53933,43788,Immediate Sellout,1.0,1.0,H,4,1
SOU_TOT_2023-24,2023-24,18,2023-12-09,SOU,TOT,smaller_club,big_six,St. Mary's Stadium,32384,False,20,6,3,31,0.38513513513513514,European Spot,0.0,0.38513513513513514,0.2972761824324324,0.28243243243243243,21,0.5135135135135135,Friday 20:00,2,4,False,False,0.10832862195253248,0.8327280014103098,False,3,231,0.6074464726295984,0.677,0.677,28002,17811,Early Surge,0.839,0.937,D,0,0
IPS_MUN_2023-24,2023-24,18,2023-12-09,IPS,MUN,smaller_club,big_six,Portman Road,30000,False,9,1,26,44,0.4407320706533305,European Spot,0.4407320706533305,0.41081081081081083,0.0,0.28243243243243243,21,0.5135135135135135,Saturday 15:00,1,2,False,False,0.3444017343369844,0.8461463835389589,True,3,386,0.547730427731796,0.85,0.85,28238,16500,Early Surge,0.839,0.937,A,0,2
BOU_AVL_2023-24,2023-24,18,2023-12-09,BOU,AVL,smaller_club,established_mid,Vitality Stadium,11307,False,16,10,14,25,0.3153862523941264,European Spot,0.3153862523941264,0.0,0.3129222972972973,0.26478040540540543,21,0.5135135135135135,Saturday 17:30,3,4,False,False,0.42426984822733244,0.656264854428245,False,2,57,0.406208472947471,0.617,0.617,9023,5653,Consistent Gradual,0.525,0.69,A,2,1
LEI_NEW_2023-24,2023-24,18,2023-12-09,LEI,NEW,smaller_club,established_mid,King Power Stadium,32261,False,19,4,7,35,0.41081081081081083,European Spot,0.0,0.41081081081081083,0.3181376689189189,0.0,21,0.5135135135135135,Saturday 15:00,1,3,False,False,0.21074499652848,0.6222177658112198,False,3,151,0.6022040623048991,0.719,0.719,29031,19356,Consistent Gradual,0.525,0.69,A,1,2
NFO_WHU_2023-24,2023-24,18,2023-12-09,NFO,WHU,smaller_club,established_mid,City Ground,30445,False,17,12,12,23,0.32335304054054054,European Spot,0.0,0.0,0.32335304054054054,0.0,21,0.5135135135135135,Saturday 15:00,1,4,False,False,0.27164611536462346,0.641554366707129,True,3,382,0.8839240459834488,0.703,0.703,26714,17658,Consistent Gradual,0.525,0.69,H,3,1
BRE_BHA_2023-24,2023-24,18,2023-12-09,BRE,BHA,smaller_club,established_mid,Gtech Community Stadium,17250,False,8,7,28,29,0.3881676952543094,European Spot,0.3881676952543094,0.0,0.0,0.28243243243243243,21,0.5135135135135135,Sunday 14:00,2,4,False,False,0.8400067510240095,0.6267982372434023,False,3,148,0.5102112188628027,0.645,0.645,14473,9487,Consistent Gradual,0.525,0.69,A,1,1
EVE_WOL_2023-24,2023-24,18,2023-12-09,EVE,WOL,smaller_club,established_mid,Goodison Park,39414,False,18,15,10,15,0.4193019791444988,European Spot,0.0,0.0,0.4193019791444988,0.0,21,0.5135135135135135,Midweek Tue/Wed 20:00,2,4,False,False,0.20070916341358502,0.32997098415167403,False,2,159,0.7865736741073008,0.711,0.711,36237,25619,Consistent Gradual,0.525,0.69,A,2,3
CPL_FUL_2023-24,2023-24,18,2023-12-09,CPL,FUL,established_mid,established_mid,Selhurst Park,25486,False,13,14,22,15,0.30770692567567565,European Spot,0.30729942540966165,0.0,0.30770692567567565,0.0,21,0.5135135135135135,Saturday 15:00,1,3,False,False,0.7960626578074799,0.24275854421843743,False,2,14,0.47817957153380675,0.719,0.719,22867,15291,Consistent Gradual,0.525,0.69,D,0,0
ARS_MCI_2023-24,2023-24,19,2023-12-16,ARS,MCI,big_six,big_six,Emirates Stadium,60704,True,3,4,36,36,0.4400491400491401,European Spot,0.4400491400491401,0.4302702702702703,0.0,0.0,20,0.5378378378378379,Saturday 12:30,4,2,False,False,0.45965827742735066,0.7381011738086483,False,8,145,0.8704660545435827,1.0,1.1,63130,53419,Immediate Sellout,1.0,1.0,D,1,1
LIV_SOU_2023-24,2023-24,19,2023-12-16,LIV,SOU,big_six,smaller_club,Anfield,61276,False,10,20,27,4,0.31520824102791317,European Spot,0.0,0.0,0.31520824102791317,0.27156402303943294,20,0.5378378378378379,Saturday 12:30,4,4,False,False,0.5964402691791537,0.2258300353667727,False,4,379,0.5994547716955634,0.859,0.859,63128,55148,Consistent Gradual,0.525,0.69,H,0,1
CHE_IPS_2023-24,2023-24,19,2023-12-16,CHE,IPS,big_six,smaller_club,Stamford Bridge,40834,False,5,11,35,26,0.4232166592822331,European Spot,0.3911547911547912,0.4232166592822331,0.0,0.0,20,0.5378378378378379,Sunday 14:00,2,4,False,False,0.20957396126976388,0.24108121403588906,False,3,93,0.7181336731774671,0.748,0.748,38337,32667,Consistent Gradual,0.525,0.69,D,0,0
TOT_BOU_2023-24,2023-24,19,2023-12-16,TOT,BOU,big_six,smaller_club,Tottenham Hotspur Stadium,62850,False,7,17,32,14,0.32667035888347373,European Spot,0.0,0.0,0.32667035888347373,0.29581081081081084,20,0.5378378378378379,Saturday 15:00,1,2,False,False,0.7329096009872168,0.2969888937591327,True,3,171,0.6860311792476856,0.928,0.928,62994,52165,Consistent Gradual,0.525,0.69,H,2,2
MUN_LEI_2023-24,2023-24,19,2023-12-16,MUN,LEI,big_six,smaller_club,Old Trafford,74310,False,1,19,47,7,0.4302702702702703,European Spot,0.0,0.4302702702702703,0.3324014178112539,0.0,20,0.5378378378378379,Saturday 12:30,4,2,False,False,0.8923024684772711,0.147521497569936,True,4,178,0.7439609994950757,1.0,1.042,75793,63163,Consistent Gradual,0.525,0.69,H,2,1
AVL_NFO_2023-24,2023-24,19,2023-12-16,AVL,NFO,established_mid,smaller_club,Villa Park,42682,False,9,16,28,15,0.3209392999556935,European Spot,0.0,0.0,0.3209392999556935,0.27641338059370857,20,0.5378378378378379,Sunday 14:00,2,3,False,False,0.7593853980997715,0.4901522807552364,False,3,76,0.8019853051006054,0.681,0.681,37796,26462,Consistent Gradual,0.525,0.69,H,2,0
NEW_BRE_2023-24,2023-24,19,2023-12-16,NEW,BRE,established_mid,smaller_club,St. James Park,52305,False,2,8,38,28,0.4302702702702703,European Spot,0.4133794951976771,0.4302702702702703,0.0,0.29581081081081084,20,0.5378378378378379,Saturday 15:00,1,3,False,True,0.7355524360678538,0.5880047257168066,False,3,326,0.5368849709255274,0.7,0.7,47875,36613,Consistent Gradual,0.525,0.69,H,1,1
WHU_EVE_2023-24,2023-24,19,2023-12-16,WHU,EVE,established_mid,smaller_club,London Stadium,62500,False,12,18,23,10,0.34959459459459463,European Spot,0.0,0.0,0.34959459459459463,0.0,20,0.5378378378378379,Saturday 15:00,1,4,False,False,0.44908805669499025,0.1404964143895095,False,3,311,0.571563315823935,0.574,0.574,51320,36250,Consistent Gradual,0.525,0.69,H,4,2
BHA_CPL_2023-24,2023-24,19,2023-12-16,BHA,CPL,established_mid,established_mid,Amex Stadium,31800,True,6,13,32,23,0.40205582631812153,European Spot,0.3644851463033281,0.40205582631812153,0.0,0.29581081081081084,20,0.5378378378378379,Saturday 12:30,4,2,False,False,0.7387587660703816,0.7072438604652359,True,3,34,0.46240480437103876,1.0,1.1,31480,20670,Consistent Gradual,0.525,0.69,H,0,1
WOL_FUL_2023-24,2023-24,19,2023-12-16,WOL,FUL,established_mid,established_mid,Molineux,32050,False,14,15,18,16,0.4042673665400938,European Spot,0.0,0.0,0.4042673665400938,0.0,20,0.5378378378378379,Saturday 15:00,1,4,False,False,0.5309796889061718,0.3199309809529062,False,2,301,0.8670132414971725,0.688,0.688,28319,19230,Consistent Gradual,0.525,0.69,H,2,1
SOU_ARS_2023-24,2023-24,20,2023-12-23,SOU,ARS,smaller_club,big_six,St. Mary's Stadium,32384,False,20,3,4,37,0.4497297297297298,European Spot,0.0,0.4497297297297298,0.3276048462255359,0.0,19,0.5621621621621622,Saturday 12:30,4,2,False,False,0.15808102475674088,0.4717607941991454,False,4,101,0.7632113645242178,0.838,0.838,30491,17811,Early Surge,0.839,0.937,A,2,2
IPS_MCI_2023-24,2023-24,20,2023-12-23,IPS,MCI,smaller_club,big_six,Portman Road,30000,False,11,4,27,37,0.4497297297297298,European Spot,0.38618096357226794,0.4497297297297298,0.0,0.0,19,0.5621621621621622,Midweek Tue/Wed 20:00,2,4,False,False,0.3187568498251223,0.6666708216660537,True,4,424,0.7259043168048791,0.756,0.756,27387,16500,Early Surge,0.839,0.937,A,0,1
BOU_LIV_2023-24,2023-24,20,2023-12-23,BOU,LIV,smaller_club,big_six,Vitality Stadium,11307,False,17,9,14,30,0.34020503261882573,European Spot,0.0,0.0,0.34020503261882573,0.2825349487418453,19,0.5621621621621622,Friday 20:00,2,3,False,False,0.20789222563139287,0.7175081884254075,False,4,61,0.40291375658595097,0.788,0.788,10004,5653,Early Surge,0.839,0.937,A,2,3
LEI_CHE_2023-24,2023-24,20,2023-12-23,LEI,CHE,smaller_club,big_six,King Power Stadium,32261,False,19,5,7,36,0.44197576887232065,European Spot,0.0,0.44197576887232065,0.34650512581547066,0.0,19,0.5621621621621622,Saturday 15:00,1,3,False,False,0.10326504829895519,0.2967017728888347,False,4,18,0.760020505287605,0.855,0.855,30671,19356,Early Surge,0.839,0.937,A,2,2
NFO_TOT_2023-24,2023-24,20,2023-12-23,NFO,TOT,smaller_club,big_six,City Ground,30445,False,16,7,15,35,0.3339049394221808,European Spot,0.0,0.0,0.3339049394221808,0.30918918918918925,19,0.5621621621621622,Sunday 14:00,2,4,False,False,0.3431065965286655,0.8130367206910518,True,4,74,0.7115693477680622,0.854,0.854,28825,17658,Early Surge,0.839,0.937,A,1,4
BRE_MUN_2023-24,2023-24,20,2023-12-23,BRE,MUN,smaller_club,big_six,Gtech Community Stadium,17250,False,10,1,28,50,0.45461809635722683,European Spot,0.45461809635722683,0.4497297297297298,0.0,0.30918918918918925,19,0.5621621621621622,Saturday 15:00,1,2,False,False,0.4116033080017646,0.9246117279340897,False,4,419,0.716538353470953,0.863,0.863,16019,9487,Early Surge,0.839,0.937,H,0,2
EVE_AVL_2023-24,2023-24,20,2023-12-23,EVE,AVL,smaller_club,established_mid,Goodison Park,39414,False,18,8,10,31,0.36540540540540545,European Spot,0.0,0.0,0.36540540540540545,0.2878657968313141,19,0.5621621621621622,Sunday 16:30,3,2,False,False,0.09834749007265664,0.8315697786698399,False,3,243,0.5296783680089614,0.863,0.863,38222,25619,Consistent Gradual,0.525,0.69,D,1,1
CPL_NEW_2023-24,2023-24,20,2023-12-23,CPL,NEW,established_mid,established_mid,Selhurst Park,25486,False,13,2,23,41,0.4497297297297298,European Spot,0.38618096357226794,0.4497297297297298,0.0,0.0,19,0.5621621621621622,Midweek Tue/Wed 20:00,2,2,False,False,0.4950707023256651,0.8148867052474977,False,3,449,0.5877896414932557,0.783,0.783,23397,15291,Consistent Gradual,0.525,0.69,H,1,2
FUL_WHU_2023-24,2023-24,20,2023-12-23,FUL,WHU,established_mid,established_mid,Craven Cottage,29600,False,15,12,16,26,0.3276048462255359,European Spot,0.0,0.0,0.3276048462255359,0.0,19,0.5621621621621622,Saturday 15:00,1,4,False,False,0.2239516866670343,0.6143616396864932,False,3,215,0.530611986634524,0.651,0.651,24839,16280,Consistent Gradual,0.525,0.69,D,2,2
WOL_BHA_2023-24,2023-24,20,2023-12-23,WOL,BHA,established_mid,established_mid,Molineux,32050,False,14,6,21,35,0.4342218080149115,European Spot,0.0,0.4342218080149115,0.2961043802423113,0.30918918918918925,19,0.5621621621621622,Saturday 15:00,1,4,False,False,0.6716857822343202,0.817131136249267,False,3,184,0.7546964584817384,0.688,0.688,28292,19230,Consistent Gradual,0.525,0.69,H,1,0
ARS_IPS_2023-24,2023-24,21,2023-12-30,ARS,IPS,big_six,smaller_club,Emirates Stadium,60704,False,3,12,40,27,0.4691891891891892,European Spot,0.4089263575502108,0.4691891891891892,0.0,0.0,18,0.5864864864864865,Monday 20:00,2,4,False,True,0.6302325559394018,0.2231297948775856,False,4,51,0.687100107307375,0.747,0.747,60647,53419,Consistent Gradual,0.525,0.69,H,0,2
SOU_BOU_2023-24,2023-24,21,2023-12-30,SOU,BOU,smaller_club,smaller_club,St. Mary's Stadium,32384,True,20,17,4,14,0.452778328787503,European Spot,0.0,0.0,0.452778328787503,0.0,18,0.5864864864864865,Sunday 14:00,2,4,False,False,0.1106567173297186,0.145524557941975,False,0,293,0.8939864912080786,0.634,0.634,27386,17811,Consistent Gradual,0.525,0.69,H,0,2
MCI_LEI_2023-24,2023-24,21,2023-12-30,MCI,LEI,big_six,smaller_club,Etihad Stadium,53400,False,4,19,40,7,0.4691891891891892,European Spot,0.0,0.4691891891891892,0.3534914004914005,0.0,18,0.5864864864864865,Sunday 14:00,2,4,False,True,0.7666695751662376,0.07228553380926862,False,5,329,0.8398293437195619,0.811,0.811,51810,43788,Consistent Gradual,0.525,0.69,H,3,1
LIV_NFO_2023-24,2023-24,21,2023-12-30,LIV,NFO,big_six,smaller_club,Anfield,61276,False,8,16,33,15,0.3534914004914005,European Spot,0.0,0.0,0.3534914004914005,0.31083783783783786,18,0.5864864864864865,Friday 20:00,2,2,False,False,0.8022557318977852,0.24017461757006583,False,5,118,0.7229223657021071,0.913,0.913,63609,55148,Consistent Gradual,0.525,0.69,H,1,2
CHE_BRE_2023-24,2023-24,21,2023-12-30,CHE,BRE,big_six,smaller_club,Stamford Bridge,40834,False,5,10,39,31,0.4606584766584767,European Spot,0.42506818745350855,0.4606584766584767,0.0,0.3225675675675676,18,0.5864864864864865,Saturday 15:00,1,4,False,False,0.5076912410221843,0.5881223156012352,False,4,94,0.8581248498425024,0.733,0.733,38282,32667,Consistent Gradual,0.525,0.69,H,4,2
TOT_EVE_2023-24,2023-24,21,2023-12-30,TOT,EVE,big_six,smaller_club,Tottenham Hotspur Stadium,62850,False,6,18,38,11,0.4521277641277641,European Spot,0.0,0.4521277641277641,0.3812162162162162,0.3225675675675676,18,0.5864864864864865,Saturday 15:00,1,4,False,False,0.8691257044837362,0.21884324305085964,True,4,201,0.6056577299836226,0.809,0.809,61731,52165,Consistent Gradual,0.525,0.69,H,2,0
MUN_CPL_2023-24,2023-24,21,2023-12-30,MUN,CPL,big_six,established_mid,Old Trafford,74310,False,1,13,50,26,0.4691891891891892,European Spot,0.45735184726010414,0.4691891891891892,0.0,0.0,18,0.5864864864864865,Sunday 14:00,2,4,False,False,0.6472282095538627,0.6465494916279655,True,4,368,0.8158339918050201,0.983,0.983,75407,63163,Consistent Gradual,0.525,0.69,D,3,3
AVL_FUL_2023-24,2023-24,21,2023-12-30,AVL,FUL,established_mid,established_mid,Villa Park,42682,False,9,15,32,17,0.3396289926289926,European Spot,0.0,0.0,0.3396289926289926,0.30497297297297304,18,0.5864864864864865,Saturday 15:00,1,3,False,False,0.7320988450688879,0.30676618066692396,False,3,352,0.8128875296650592,0.778,0.778,39290,26462,Consistent Gradual,0.525,0.69,D,1,1
NEW_WOL_2023-24,2023-24,21,2023-12-30,NEW,WOL,established_mid,established_mid,St. James Park,52305,False,2,14,41,24,0.4691891891891892,European Spot,0.39816513761467887,0.4691891891891892,0.29111056511056516,0.0,18,0.5864864864864865,Sunday 14:00,2,3,False,False,0.5704206936732483,0.7701800475640241,False,3,399,0.4046222150215522,0.896,0.896,50989,36613,Consistent Gradual,0.525,0.69,A,2,1
WHU_BHA_2023-24,2023-24,21,2023-12-30,WHU,BHA,established_mid,established_mid,London Stadium,62500,False,11,7,27,35,0.3820233077113811,European Spot,0.3820233077113811,0.0,0.0,0.3225675675675676,18,0.5864864864864865,Saturday 12:30,4,3,False,False,0.5800531477805452,0.5719917953744869,False,4,14,0.6620087120871336,0.79,0.79,58373,36250,Consistent Gradual,0.525,0.69,A,0,0
BOU_ARS_2023-24,2023-24,22,2024-01-06,BOU,ARS,smaller_club,big_six,Vitality Stadium,11307,False,17,3,14,43,0.48864864864864865,European Spot,0.0,0.48864864864864865,0.3741216216216216,0.0,17,0.6108108108108108,Saturday 15:00,1,4,False,False,0.1018671905593825,0.7411627891575812,False,4,447,0.6545522828635157,0.72,0.72,9677,5653,Early Surge,0.839,0.937,A,2,0
LEI_IPS_2023-24,2023-24,22,2024-01-06,LEI,IPS,smaller_club,smaller_club,King Power Stadium,32261,False,19,11,7,27,0.3664864864864865,European Spot,0.0,0.0,0.3664864864864865,0.0,17,0.6108108108108108,Monday 20:00,2,2,False,False,0.050599873666488035,0.1561908564143099,False,1,153,0.8887107022584817,0.605,0.605,27131,19356,Consistent Gradual,0.525,0.69,D,3,3
NFO_SOU_2023-24,2023-24,22,2024-01-06,NFO,SOU,smaller_club,smaller_club,City Ground,30445,False,16,20,15,7,0.4788638152715822,European Spot,0.0,0.0,0.4788638152715822,0.0,17,0.6108108108108108,Midweek Tue/Wed 20:00,2,2,False,False,0.16812223229904608,0.377459702130803,True,1,41,0.8981109922167378,0.705,0.705,27104,17658,Consistent Gradual,0.525,0.69,A,2,1
BRE_MCI_2023-24,2023-24,22,2024-01-06,BRE,MCI,smaller_club,big_six,Gtech Community Stadium,17250,False,10,2,31,43,0.48864864864864865,European Spot,0.4447651535030176,0.48864864864864865,0.0,0.33594594594594596,17,0.6108108108108108,Monday 20:00,2,4,False,False,0.4116856209208646,0.8366687026163662,False,5,154,0.4556947125023376,0.693,0.693,14756,9487,Early Surge,0.839,0.937,A,2,2
EVE_LIV_2023-24,2023-24,22,2024-01-06,EVE,LIV,smaller_club,big_six,Goodison Park,39414,True,18,8,11,36,0.397027027027027,European Spot,0.0,0.0,0.397027027027027,0.3230249480249481,17,0.6108108108108108,Saturday 17:30,3,4,False,False,0.15319027013560174,0.8615790123284497,False,5,78,0.6205416187181312,1.0,1.1,40199,25619,Early Surge,0.839,0.937,D,3,3
CPL_CHE_2023-24,2023-24,22,2024-01-06,CPL,CHE,established_mid,big_six,Selhurst Park,25486,False,13,4,27,42,0.48864864864864865,European Spot,0.41511414326948304,0.48864864864864865,0.0,0.0,17,0.6108108108108108,Monday 20:00,2,4,False,False,0.6025846441395758,0.655383868715529,False,4,56,0.7417384036674679,0.733,0.733,22658,15291,Early Surge,0.839,0.937,A,1,4
FUL_TOT_2023-24,2023-24,22,2024-01-06,FUL,TOT,established_mid,big_six,Craven Cottage,29600,False,15,6,18,41,0.4792515592515592,European Spot,0.0,0.4792515592515592,0.3435810810810811,0.33594594594594596,17,0.6108108108108108,Saturday 17:30,3,2,False,False,0.3647363264668467,0.9083879931386152,False,4,15,0.5833849700601317,0.906,0.906,28441,16280,Early Surge,0.839,0.937,A,2,2
WOL_MUN_2023-24,2023-24,22,2024-01-06,WOL,MUN,established_mid,big_six,Molineux,32050,False,14,1,27,51,0.48864864864864865,European Spot,0.4684859616898452,0.48864864864864865,0.27486486486486483,0.0,17,0.6108108108108108,Saturday 15:00,1,3,False,False,0.8391260332948169,0.6030597466877039,False,4,197,0.8604930157247195,0.879,0.879,30702,19230,Early Surge,0.839,0.937,A,1,1
BHA_AVL_2023-24,2023-24,22,2024-01-06,BHA,AVL,established_mid,established_mid,Amex Stadium,31800,False,7,9,38,33,0.42697454736289686,European Spot,0.42697454736289686,0.0,0.0,0.33594594594594596,17,0.6108108108108108,Saturday 15:00,1,4,False,False,0.7003942567621408,0.6624691915482215,True,4,395,0.6127211329481623,0.803,0.803,29600,20670,Consistent Gradual,0.525,0.69,H,4,0
WHU_NEW_2023-24,2023-24,22,2024-01-06,WHU,NEW,established_mid,established_mid,London Stadium,62500,False,12,5,27,41,0.4792515592515592,European Spot,0.4091839412227761,0.4792515592515592,0.0,0.0,17,0.6108108108108108,Saturday 12:30,4,3,False,False,0.4060372034463816,0.3992944855712738,False,4,284,0.5717101447457424,0.79,0.79,56874,36250,Consistent Gradual,0.525,0.69,H,3,0
ARS_LEI_2023-24,2023-24,23,2024-01-13,ARS,LEI,big_six,smaller_club,Emirates Stadium,60704,False,3,20,46,8,0.5081081081081081,High Stakes,0.0,0.5081081081081081,0.37913678985107563,0.0,16,0.6351351351351352,Sunday 14:00,2,3,False,False,0.8188139524103069,0.1854199115665416,False,5,299,0.7762868912253467,0.901,0.901,62273,53419,Consistent Gradual,0.525,0.69,H,2,2
BOU_NFO_2023-24,2023-24,23,2024-01-13,BOU,NFO,smaller_club,smaller_club,Vitality Stadium,11307,False,17,16,14,15,0.5120367790470883,High Stakes,0.0,0.0,0.5120367790470883,0.0,16,0.6351351351351352,Saturday 15:00,1,2,False,False,0.07130703339156774,0.11768556260933224,False,1,168,0.5376444545136656,0.632,0.632,9120,5653,Consistent Gradual,0.525,0.69,D,2,2
IPS_BRE_2023-24,2023-24,23,2024-01-13,IPS,BRE,smaller_club,smaller_club,Portman Road,30000,False,12,10,28,31,0.2780336458907888,Standard,0.0,0.0,0.0,0.2780336458907888,16,0.6351351351351352,Friday 20:00,2,2,False,False,0.25933359949001694,0.2881799346446052,True,1,198,0.7943457728926642,0.578,0.578,25113,16500,Flat/Slow,0.47,0.574,A,2,0
SOU_EVE_2023-24,2023-24,23,2024-01-13,SOU,EVE,smaller_club,smaller_club,St. Mary's Stadium,32384,False,19,18,10,12,0.5287336305377542,High Stakes,0.0,0.0,0.5287336305377542,0.0,16,0.6351351351351352,Saturday 15:00,1,4,False,False,0.564221791491562,0.2572331890949212,False,1,187,0.5031397673153848,0.509,0.509,25309,17811,Consistent Gradual,0.525,0.69,H,1,0
MCI_CPL_2023-24,2023-24,23,2024-01-13,MCI,CPL,big_six,established_mid,Etihad Stadium,53400,False,2,13,46,27,0.5081081081081081,High Stakes,0.0,0.5081081081081081,0.0,0.0,16,0.6351351351351352,Sunday 14:00,2,3,False,False,0.8856680918314563,0.42180925089770305,False,5,116,0.6604213265218304,1.0,1.03,53928,43788,Consistent Gradual,0.525,0.69,H,2,1
LIV_FUL_2023-24,2023-24,23,2024-01-13,LIV,FUL,big_six,established_mid,Anfield,61276,False,8,15,37,18,0.36228626585769447,European Spot,0.0,0.0,0.36228626585769447,0.32080805295091014,16,0.6351351351351352,Sunday 16:30,3,3,False,False,0.7531053086299148,0.2553154285267927,False,5,153,0.772727377402163,1.0,1.056,64337,55148,Consistent Gradual,0.525,0.69,D,0,0
CHE_WOL_2023-24,2023-24,23,2024-01-13,CHE,WOL,big_six,established_mid,Stamford Bridge,40834,False,4,14,45,27,0.5081081081081081,High Stakes,0.0,0.5081081081081081,0.28645890788747935,0.0,16,0.6351351351351352,Sunday 14:00,2,3,False,False,0.7587687081008703,0.5873882233063719,False,4,28,0.40651110855176215,0.997,0.997,40242,32667,Consistent Gradual,0.525,0.69,D,3,3
TOT_BHA_2023-24,2023-24,23,2024-01-13,TOT,BHA,big_six,established_mid,Tottenham Hotspur Stadium,62850,False,5,7,44,41,0.49773855488141205,European Spot,0.4845360824742268,0.49773855488141205,0.0,0.34932432432432436,16,0.6351351351351352,Midweek Tue/Wed 20:00,2,3,False,True,0.9358715951970307,0.7902759797334986,True,5,301,0.7277449234904854,1.0,1.085,63476,52165,Consistent Gradual,0.525,0.69,H,2,0
MUN_WHU_2023-24,2023-24,23,2024-01-13,MUN,WHU,big_six,established_mid,Old Trafford,74310,False,1,11,54,30,0.5081081081081081,High Stakes,0.4779882975759265,0.5081081081081081,0.0,0.0,16,0.6351351351351352,Sunday 14:00,2,2,False,False,0.7221418226813927,0.5842260424124671,True,5,77,0.405078060314934,1.0,1.1,75793,63163,Consistent Gradual,0.525,0.69,H,2,2
AVL_NEW_2023-24,2023-24,23,2024-01-13,AVL,NEW,established_mid,established_mid,Villa Park,42682,False,9,6,33,41,0.46662989520132386,European Spot,0.41251044859292285,0.46662989520132386,0.0,0.34932432432432436,16,0.6351351351351352,Sunday 16:30,3,2,False,False,0.463728434083755,0.27950613989989165,False,4,87,0.8540453816700396,0.898,0.898,41655,26462,Consistent Gradual,0.525,0.69,H,4,1
NFO_ARS_2023-24,2023-24,24,2024-01-20,NFO,ARS,smaller_club,big_six,City Ground,30445,False,16,3,16,49,0.5275675675675676,High Stakes,0.0,0.5275675675675676,0.4006933019976499,0.0,15,0.6594594594594595,Sunday 14:00,2,4,False,False,0.23237989382653257,0.8731697666872147,True,5,299,0.8210304220627906,0.909,0.909,29722,17658,Early Surge,0.839,0.937,D,2,2
BRE_LEI_2023-24,2023-24,24,2024-01-20,BRE,LEI,smaller_club,smaller_club,Gtech Community Stadium,17250,False,10,20,34,8,0.38205640423031734,European Spot,0.0,0.0,0.38205640423031734,0.3075088131609871,15,0.6594594594594595,Saturday 12:30,4,3,False,False,0.5017259542512236,0.12979393809657913,False,2,89,0.47020153374927437,0.64,0.64,14176,9487,Consistent Gradual,0.525,0.69,A,2,3
EVE_BOU_2023-24,2023-24,24,2024-01-20,EVE,BOU,smaller_club,smaller_club,Goodison Park,39414,False,19,17,12,15,0.542061182061182,High Stakes,0.0,0.0,0.542061182061182,0.0,15,0.6594594594594595,Saturday 15:00,1,4,False,False,0.18006323236644484,0.19991492337409741,False,1,133,0.5232912093809812,0.637,0.637,34667,25619,Consistent Gradual,0.525,0.69,H,4,1
CPL_IPS_2023-24,2023-24,24,2024-01-20,CPL,IPS,established_mid,smaller_club,Selhurst Park,25486,False,14,12,27,28,0.2981903642773208,Standard,0.0,0.0,0.2981903642773208,0.0,15,0.6594594594594595,Saturday 15:00,1,4,False,False,0.2952664756283921,0.18153351964301184,False,1,274,0.5178709975377641,0.531,0.531,20809,15291,Flat/Slow,0.47,0.574,H,3,2
FUL_SOU_2023-24,2023-24,24,2024-01-20,FUL,SOU,established_mid,smaller_club,Craven Cottage,29600,False,15,18,19,13,0.5235818235818236,High Stakes,0.0,0.0,0.5235818235818236,0.0,15,0.6594594594594595,Midweek Tue/Wed 20:00,2,2,False,False,0.32872079996875486,0.6949552540440934,False,1,395,0.5825059810784599,0.695,0.695,25406,16280,Early Surge,0.839,0.937,A,0,4
WOL_MCI_2023-24,2023-24,24,2024-01-20,WOL,MCI,established_mid,big_six,Molineux,32050,False,13,2,28,49,0.5275675675675676,High Stakes,0.0,0.5275675675675676,0.0,0.0,15,0.6594594594594595,Sunday 14:00,2,3,False,False,0.5611717563144603,0.9199676642820194,False,5,329,0.8176986903067658,0.955,0.955,32199,19230,Early Surge,0.839,0.937,H,0,1
BHA_LIV_2023-24,2023-24,24,2024-01-20,BHA,LIV,established_mid,big_six,Amex Stadium,31800,False,7,8,41,38,0.40582120582120584,European Spot,0.40582120582120584,0.0,0.0,0.3627027027027028,15,0.6594594594594595,Saturday 15:00,1,3,False,False,0.553193185813449,0.6771737160409403,True,6,52,0.430411451145092,1.0,1.026,31467,20670,Early Surge,0.839,0.937,A,0,3
WHU_CHE_2023-24,2023-24,24,2024-01-20,WHU,CHE,established_mid,big_six,London Stadium,62500,False,11,5,30,46,0.5160987074030553,High Stakes,0.0,0.5160987074030553,0.0,0.0,15,0.6594594594594595,Sunday 14:00,2,2,False,False,0.40895822968872697,0.6811380956706091,False,5,90,0.4805908741488636,0.992,0.992,63104,36250,Early Surge,0.839,0.937,A,1,0
NEW_TOT_2023-24,2023-24,24,2024-01-20,NEW,TOT,established_mid,big_six,St. James Park,52305,False,6,4,41,47,0.5275675675675676,High Stakes,0.4710424710424711,0.5275675675675676,0.0,0.3627027027027028,15,0.6594594594594595,Sunday 14:00,2,2,False,False,0.19565429792992414,0.9551101166379214,False,5,337,0.5870574375025326,1.0,1.1,52826,36613,Early Surge,0.839,0.937,A,0,2
AVL_MUN_2023-24,2023-24,24,2024-01-20,AVL,MUN,established_mid,big_six,Villa Park,42682,False,9,1,36,57,0.5275675675675676,High Stakes,0.5072765072765073,0.5275675675675676,0.0,0.3627027027027028,15,0.6594594594594595,Sunday 14:00,2,3,False,False,0.6246099038586285,0.8054992758769748,False,5,77,0.4975521224965127,1.0,1.006,42893,26462,Early Surge,0.839,0.937,D,3,3
ARS_BRE_2023-24,2023-24,25,2024-01-27,ARS,BRE,big_six,smaller_club,Emirates Stadium,60704,False,3,10,50,34,0.5470270270270271,High Stakes,0.0,0.5470270270270271,0.0,0.3760810810810811,14,0.6837837837837838,Sunday 14:00,2,2,False,False,0.7612188366810503,0.35120816797585647,False,5,86,0.6758813985102177,0.963,0.963,62807,53419,Consistent Gradual,0.525,0.69,H,1,1
NFO_EVE_2023-24,2023-24,25,2024-01-27,NFO,EVE,smaller_club,smaller_club,City Ground,30445,False,16,18,17,15,0.5675405405405405,High Stakes,0.0,0.0,0.5675405405405405,0.0,14,0.6837837837837838,Monday 20:00,2,2,False,False,0.31266592567857276,0.4260442626565114,True,2,215,0.6342362952511673,0.677,0.677,26468,17658,Consistent Gradual,0.525,0.69,H,2,0
LEI_CPL_2023-24,2023-24,25,2024-01-27,LEI,CPL,smaller_club,established_mid,King Power Stadium,32261,False,20,13,11,30,0.4031143934632307,European Spot,0.0,0.0,0.4031143934632307,0.0,14,0.6837837837837838,Saturday 15:00,1,2,False,False,0.39085575666760536,0.5066865329398744,False,2,86,0.540934791431964,0.767,0.767,29641,19356,Consistent Gradual,0.525,0.69,H,2,1
BOU_FUL_2023-24,2023-24,25,2024-01-27,BOU,FUL,smaller_club,established_mid,Vitality Stadium,11307,False,19,15,15,19,0.5538648648648649,High Stakes,0.0,0.0,0.5538648648648649,0.0,14,0.6837837837837838,Saturday 17:30,3,3,False,False,0.13994044636186817,0.2301045599781284,False,1,294,0.6573388279710791,0.705,0.705,9392,5653,Consistent Gradual,0.525,0.69,A,2,2
IPS_WOL_2023-24,2023-24,25,2024-01-27,IPS,WOL,smaller_club,established_mid,Portman Road,30000,False,14,11,28,31,0.31008799497171596,European Spot,0.0,0.0,0.31008799497171596,0.0,14,0.6837837837837838,Midweek Tue/Wed 20:00,2,4,False,False,0.12707346375010828,0.6928202294201222,True,1,197,0.49661294202983763,0.635,0.635,25572,16500,Consistent Gradual,0.525,0.69,A,2,1
SOU_BHA_2023-24,2023-24,25,2024-01-27,SOU,BHA,smaller_club,established_mid,St. Mary's Stadium,32384,False,17,7,16,41,0.43412319296040225,European Spot,0.0,0.0,0.43412319296040225,0.3760810810810811,14,0.6837837837837838,Saturday 15:00,1,2,False,False,0.7864686778308654,0.3872352300694143,False,2,306,0.6007662526243595,0.64,0.64,27383,17811,Consistent Gradual,0.525,0.69,H,1,0
MCI_WHU_2023-24,2023-24,25,2024-01-27,MCI,WHU,big_six,established_mid,Etihad Stadium,53400,False,5,12,49,30,0.5470270270270271,High Stakes,0.0,0.5470270270270271,0.0,0.0,14,0.6837837837837838,Sunday 14:00,2,3,False,False,0.6439773649974135,0.28627076078210884,False,6,69,0.7900540330787127,1.0,1.03,53933,43788,Consistent Gradual,0.525,0.69,H,2,1
LIV_NEW_2023-24,2023-24,25,2024-01-27,LIV,NEW,big_six,established_mid,Anfield,61276,False,8,6,41,41,0.4452545568824639,European Spot,0.41027027027027024,0.4452545568824639,0.0,0.3760810810810811,14,0.6837837837837838,Saturday 12:30,4,2,False,False,0.7740216012286583,0.1369580085509469,False,6,75,0.47968877148433336,1.0,1.1,64337,55148,Consistent Gradual,0.525,0.69,H,4,2
CHE_AVL_2023-24,2023-24,25,2024-01-27,CHE,AVL,big_six,established_mid,Stamford Bridge,40834,False,4,9,49,37,0.5470270270270271,High Stakes,0.44244833068362477,0.5470270270270271,0.0,0.3760810810810811,14,0.6837837837837838,Sunday 14:00,2,2,False,False,0.7767966669694264,0.5872269327010399,False,5,242,0.6130573543374171,1.0,1.065,40423,32667,Consistent Gradual,0.525,0.69,A,0,1
TOT_MUN_2023-24,2023-24,25,2024-01-27,TOT,MUN,big_six,big_six,Tottenham Hotspur Stadium,62850,True,2,1,50,58,0.6194276629570747,High Stakes,0.6194276629570747,0.5470270270270271,0.0,0.0,14,0.6837837837837838,Sunday 16:30,3,2,False,False,0.9685770816465449,0.7138494931138823,True,6,404,0.4291300675526079,1.0,1.1,63476,52165,Immediate Sellout,1.0,1.0,D,3,3
EVE_ARS_2023-24,2023-24,26,2024-02-03,EVE,ARS,smaller_club,big_six,Goodison Park,39414,False,18,2,15,53,0.5664864864864865,High Stakes,0.0,0.5664864864864865,0.4602702702702703,0.0,13,0.7081081081081081,Sunday 14:00,2,4,False,False,0.298230983859558,0.8328531856767352,False,5,371,0.8410308678564884,0.902,0.902,39059,25619,Early Surge,0.839,0.937,H,3,0
CPL_BRE_2023-24,2023-24,26,2024-02-03,CPL,BRE,established_mid,smaller_club,Selhurst Park,25486,False,13,10,30,34,0.32130405405405404,European Spot,0.0,0.0,0.0,0.32130405405405404,13,0.7081081081081081,Saturday 12:30,4,3,False,True,0.35468057305791206,0.2458457175830995,False,2,203,0.7008452927753825,0.63,0.63,21983,15291,Consistent Gradual,0.525,0.69,A,0,0
FUL_NFO_2023-24,2023-24,26,2024-02-03,FUL,NFO,established_mid,smaller_club,Craven Cottage,29600,False,15,16,22,20,0.5104652754019843,High Stakes,0.0,0.0,0.5104652754019843,0.0,13,0.7081081081081081,Sunday 16:30,3,4,False,False,0.4610731919846899,0.518866147975001,False,2,346,0.812626691150512,0.642,0.642,24870,16280,Early Surge,0.839,0.937,H,4,2
WOL_LEI_2023-24,2023-24,26,2024-02-03,WOL,LEI,established_mid,smaller_club,Molineux,32050,False,11,20,34,14,0.4487635135135135,European Spot,0.0,0.0,0.4487635135135135,0.0,13,0.7081081081081081,Saturday 15:00,1,4,False,False,0.7849741605940855,0.5735990296673237,False,2,330,0.6731941836081059,0.59,0.59,27225,19230,Consistent Gradual,0.525,0.69,H,2,1
BHA_BOU_2023-24,2023-24,26,2024-02-03,BHA,BOU,established_mid,smaller_club,Amex Stadium,31800,False,8,19,41,15,0.4602702702702703,European Spot,0.0,0.0,0.4602702702702703,0.3894594594594595,13,0.7081081081081081,Saturday 15:00,1,4,False,False,0.27106466104859,0.09795831245330772,True,2,340,0.5530031533919524,0.689,0.689,27988,20670,Consistent Gradual,0.525,0.69,D,1,1
WHU_IPS_2023-24,2023-24,26,2024-02-03,WHU,IPS,established_mid,smaller_club,London Stadium,62500,False,12,14,30,28,0.31068243243243243,European Spot,0.0,0.0,0.31068243243243243,0.0,13,0.7081081081081081,Saturday 15:00,1,4,False,False,0.20038953254747618,0.08895142462507578,False,2,127,0.8805973468514097,0.574,0.574,51670,36250,Consistent Gradual,0.525,0.69,H,4,1
NEW_SOU_2023-24,2023-24,26,2024-02-03,NEW,SOU,established_mid,smaller_club,St. James Park,52305,False,7,17,41,19,0.4142432432432433,European Spot,0.0,0.0,0.4142432432432433,0.3894594594594595,13,0.7081081081081081,Sunday 14:00,2,3,False,False,0.09587060598566281,0.8505280744816057,False,2,213,0.491115684186362,0.768,0.768,49002,36613,Consistent Gradual,0.525,0.69,A,1,4
AVL_MCI_2023-24,2023-24,26,2024-02-03,AVL,MCI,established_mid,big_six,Villa Park,42682,False,9,3,40,52,0.5664864864864865,High Stakes,0.47505986999657884,0.5664864864864865,0.0,0.3894594594594595,13,0.7081081081081081,Sunday 14:00,2,2,False,False,0.7110588528907279,0.7507841554981894,False,6,388,0.7414768381476493,1.0,1.075,43106,26462,Early Surge,0.839,0.937,D,1,1
MUN_LIV_2023-24,2023-24,26,2024-02-03,MUN,LIV,big_six,big_six,Old Trafford,74310,True,1,6,59,44,0.5736572015053027,High Stakes,0.5736572015053027,0.5664864864864865,0.0,0.3894594594594595,13,0.7081081081081081,Sunday 16:30,3,3,False,True,0.6496946451797176,0.8418151208600608,True,7,87,0.8269262797198114,1.0,1.1,75793,63163,Immediate Sellout,1.0,1.0,A,2,2
TOT_CHE_2023-24,2023-24,26,2024-02-03,TOT,CHE,big_six,big_six,Tottenham Hotspur Stadium,62850,True,4,5,51,49,0.5664864864864865,High Stakes,0.5467670201847417,0.5664864864864865,0.0,0.0,13,0.7081081081081081,Sunday 16:30,3,3,False,False,0.8280039571525813,0.5437576668785984,True,6,260,0.8734057698763356,1.0,1.1,63476,52165,Immediate Sellout,1.0,1.0,A,0,4
ARS_CPL_2023-24,2023-24,27,2024-02-10,ARS,CPL,big_six,established_mid,Emirates Stadium,60704,False,3,13,53,30,0.585945945945946,High Stakes,0.0,0.585945945945946,0.0,0.0,12,0.7324324324324324,Sunday 14:00,2,4,False,False,0.5829972299737146,0.24827640114053842,False,5,372,0.5892535814834526,0.98,0.98,62957,53419,Consistent Gradual,0.525,0.69,H,0,2
EVE_FUL_2023-24,2023-24,27,2024-02-10,EVE,FUL,smaller_club,established_mid,Goodison Park,39414,False,18,15,18,25,0.5628693076638283,High Stakes,0.0,0.0,0.5628693076638283,0.0,12,0.7324324324324324,Saturday 15:00,1,4,False,False,0.5087616887016906,0.6227512343892829,False,2,248,0.6365122409315502,0.743,0.743,36340,25619,Consistent Gradual,0.525,0.69,D,0,0
BRE_WOL_2023-24,2023-24,27,2024-02-10,BRE,WOL,smaller_club,established_mid,Gtech Community Stadium,17250,False,10,11,37,37,0.348400292184076,European Spot,0.0,0.0,0.0,0.348400292184076,12,0.7324324324324324,Saturday 15:00,1,2,False,False,0.4720920023081696,0.8494819124158599,False,2,429,0.6370457713149034,0.725,0.725,14952,9487,Consistent Gradual,0.525,0.69,D,1,1
NFO_BHA_2023-24,2023-24,27,2024-02-10,NFO,BHA,smaller_club,established_mid,City Ground,30445,False,17,7,20,42,0.4503469685902118,European Spot,0.0,0.0,0.4503469685902118,0.40283783783783783,12,0.7324324324324324,Saturday 15:00,1,4,False,False,0.36320630358250067,0.33974526273401295,True,3,137,0.5537466224902372,0.703,0.703,27041,17658,Consistent Gradual,0.525,0.69,A,0,4
LEI_WHU_2023-24,2023-24,27,2024-02-10,LEI,WHU,smaller_club,established_mid,King Power Stadium,32261,False,20,12,14,33,0.4246128560993426,European Spot,0.0,0.0,0.4246128560993426,0.0,12,0.7324324324324324,Saturday 15:00,1,3,False,False,0.40151932076712654,0.44027267278323334,False,3,68,0.5665948563660987,0.719,0.719,29108,19356,Consistent Gradual,0.525,0.69,A,0,3
BOU_NEW_2023-24,2023-24,27,2024-02-10,BOU,NEW,smaller_club,established_mid,Vitality Stadium,11307,False,19,8,16,41,0.4503469685902118,European Spot,0.0,0.0,0.4503469685902118,0.3919503287070855,12,0.7324324324324324,Midweek Tue/Wed 20:00,2,3,False,False,0.21857081871731537,0.06710942418996396,False,2,200,0.5110827672237019,0.662,0.662,9178,5653,Consistent Gradual,0.525,0.69,D,2,2
IPS_AVL_2023-24,2023-24,27,2024-02-10,IPS,AVL,smaller_club,established_mid,Portman Road,30000,False,14,9,28,41,0.3919503287070855,European Spot,0.0,0.0,0.34741051862673483,0.3919503287070855,12,0.7324324324324324,Saturday 17:30,3,4,False,False,0.06226599723755304,0.6477411970235095,True,2,163,0.729154219876969,0.635,0.635,25772,16500,Consistent Gradual,0.525,0.69,A,1,0
SOU_MUN_2023-24,2023-24,27,2024-02-10,SOU,MUN,smaller_club,big_six,St. Mary's Stadium,32384,False,16,1,22,59,0.585945945945946,High Stakes,0.0,0.585945945945946,0.4246128560993426,0.0,12,0.7324324324324324,Sunday 14:00,2,3,False,False,0.8953696521371239,0.45478625162580233,False,3,401,0.6345474035629275,0.774,0.774,29805,17811,Early Surge,0.839,0.937,H,4,0
MCI_TOT_2023-24,2023-24,27,2024-02-10,MCI,TOT,big_six,big_six,Etihad Stadium,53400,False,2,5,53,51,0.591965938541281,High Stakes,0.591965938541281,0.585945945945946,0.0,0.0,12,0.7324324324324324,Saturday 12:30,4,2,False,True,0.6755489088487326,0.5796027700068069,False,7,448,0.8956446493270965,1.0,1.1,53933,43788,Immediate Sellout,1.0,1.0,H,4,1
LIV_CHE_2023-24,2023-24,27,2024-02-10,LIV,CHE,big_six,big_six,Anfield,61276,False,6,4,47,52,0.585945945945946,High Stakes,0.5417993335801555,0.585945945945946,0.0,0.40283783783783783,12,0.7324324324324324,Saturday 12:30,4,3,False,False,0.8892705846020426,0.6806303668150189,False,7,415,0.7981223948415301,1.0,1.1,64337,55148,Immediate Sellout,1.0,1.0,H,0,0
FUL_ARS_2023-24,2023-24,28,2024-02-17,FUL,ARS,established_mid,big_six,Craven Cottage,29600,False,15,3,26,56,0.6054054054054054,High Stakes,0.0,0.6054054054054054,0.39062003179650245,0.0,11,0.7567567567567568,Sunday 14:00,2,4,False,False,0.585925864072498,0.7080980609816002,False,5,383,0.6248921933549648,0.842,0.842,27757,16280,Early Surge,0.839,0.937,A,2,1
WOL_CPL_2023-24,2023-24,28,2024-02-17,WOL,CPL,established_mid,established_mid,Molineux,32050,False,11,13,38,30,0.0,Standard,0.0,0.0,0.0,0.0,11,0.7567567567567568,Sunday 14:00,2,4,False,False,0.7446373386911019,0.1737934807983769,False,2,432,0.8125247267307316,0.65,0.65,27398,19230,Consistent Gradual,0.525,0.69,H,0,1
BHA_EVE_2023-24,2023-24,28,2024-02-17,BHA,EVE,established_mid,smaller_club,Amex Stadium,31800,False,7,18,45,19,0.4918918918918919,European Spot,0.0,0.0,0.4918918918918919,0.4162162162162163,11,0.7567567567567568,Midweek Tue/Wed 20:00,2,2,False,False,0.537821683913809,0.5061331820911834,True,3,130,0.7471542564501752,0.805,0.805,29049,20670,Consistent Gradual,0.525,0.69,D,2,2
WHU_BRE_2023-24,2023-24,28,2024-02-17,WHU,BRE,established_mid,smaller_club,London Stadium,62500,False,12,10,36,38,0.33052464228934825,European Spot,0.0,0.0,0.0,0.33052464228934825,11,0.7567567567567568,Saturday 15:00,1,3,False,False,0.6081908709482633,0.4804644016157187,False,3,158,0.7925977952137906,0.616,0.616,52743,36250,Consistent Gradual,0.525,0.69,H,3,0
NEW_NFO_2023-24,2023-24,28,2024-02-17,NEW,NFO,established_mid,smaller_club,St. James Park,52305,False,9,17,42,20,0.47742448330683623,European Spot,0.0,0.0,0.47742448330683623,0.37949125596184424,11,0.7567567567567568,Saturday 15:00,1,2,False,False,0.19697659693297476,0.25424441250775043,False,3,73,0.5279469501471492,0.804,0.804,49967,36613,Consistent Gradual,0.525,0.69,H,2,1
AVL_LEI_2023-24,2023-24,28,2024-02-17,AVL,LEI,established_mid,smaller_club,Villa Park,42682,False,8,20,44,14,0.4195548489666137,European Spot,0.0,0.0,0.4195548489666137,0.40397456279809224,11,0.7567567567567568,Saturday 15:00,1,4,False,False,0.7534188379164566,0.2810635245369886,False,3,286,0.4977538469220819,0.622,0.622,36846,26462,Consistent Gradual,0.525,0.69,D,0,0
MUN_BOU_2023-24,2023-24,28,2024-02-17,MUN,BOU,big_six,smaller_club,Old Trafford,74310,False,1,19,59,17,0.6054054054054054,High Stakes,0.0,0.6054054054054054,0.46295707472178066,0.0,11,0.7567567567567568,Sunday 14:00,2,4,False,False,0.3183503761380616,0.3029995731021208,True,3,112,0.6340249241792217,0.898,0.898,74701,63163,Consistent Gradual,0.525,0.69,H,1,0
TOT_IPS_2023-24,2023-24,28,2024-02-17,TOT,IPS,big_six,smaller_club,Tottenham Hotspur Stadium,62850,False,5,14,51,28,0.5875993640699523,High Stakes,0.0,0.5875993640699523,0.36168521462639114,0.0,11,0.7567567567567568,Sunday 14:00,2,4,False,False,0.40572193900476483,0.04358619806628713,True,3,129,0.4642995380036782,0.879,0.879,62059,52165,Consistent Gradual,0.525,0.69,H,3,2
CHE_SOU_2023-24,2023-24,28,2024-02-17,CHE,SOU,big_six,smaller_club,Stamford Bridge,40834,False,4,16,52,25,0.6054054054054054,High Stakes,0.0,0.6054054054054054,0.40508744038155803,0.0,11,0.7567567567567568,Sunday 14:00,2,2,False,False,0.4764412567705132,0.9267587564959867,False,3,353,0.7543966047095427,0.913,0.913,39985,32667,Consistent Gradual,0.525,0.69,A,2,0
LIV_MCI_2023-24,2023-24,28,2024-02-17,LIV,MCI,big_six,big_six,Anfield,61276,True,6,2,50,56,0.6212182331585318,High Stakes,0.6212182331585318,0.6054054054054054,0.0,0.4162162162162163,11,0.7567567567567568,Saturday 12:30,4,3,False,False,0.9224894092214297,0.7728842361941128,False,8,418,0.7190898589721958,1.0,1.1,64337,55148,Immediate Sellout,1.0,1.0,H,0,2
ARS_WOL_2023-24,2023-24,29,2024-02-24,ARS,WOL,big_six,established_mid,Emirates Stadium,60704,False,2,10,59,41,0.6248648648648649,High Stakes,0.0,0.6248648648648649,0.0,0.42959459459459465,10,0.7810810810810811,Sunday 14:00,2,3,False,False,0.7956686426871201,0.8212461370837714,False,5,303,0.7755917553186591,1.0,1.051,63130,53419,Consistent Gradual,0.525,0.69,D,0,0
FUL_BHA_2023-24,2023-24,29,2024-02-24,FUL,BHA,established_mid,established_mid,Craven Cottage,29600,False,16,7,26,46,0.42959459459459465,European Spot,0.0,0.0,0.4094376634699215,0.42959459459459465,10,0.7810810810810811,Saturday 15:00,1,4,False,False,0.4101481048507486,0.5264751787396663,False,3,169,0.89894047677326,0.651,0.651,25115,16280,Consistent Gradual,0.525,0.69,A,1,2
CPL_WHU_2023-24,2023-24,29,2024-02-24,CPL,WHU,established_mid,established_mid,Selhurst Park,25486,False,13,11,30,39,0.0,Standard,0.0,0.0,0.0,0.0,10,0.7810810810810811,Saturday 15:00,1,3,False,False,0.12165543655886382,0.7257336096637843,False,3,226,0.533993658036078,0.665,0.665,22178,15291,Consistent Gradual,0.525,0.69,D,2,2
EVE_NEW_2023-24,2023-24,29,2024-02-24,EVE,NEW,smaller_club,established_mid,Goodison Park,39414,False,18,8,20,45,0.5077027027027027,High Stakes,0.0,0.0,0.5077027027027027,0.4157367044463819,10,0.7810810810810811,Saturday 15:00,1,4,False,False,0.5042932274638283,0.4378836178530823,False,3,445,0.6113065436077955,0.743,0.743,36311,25619,Consistent Gradual,0.525,0.69,A,2,3
BRE_AVL_2023-24,2023-24,29,2024-02-24,BRE,AVL,smaller_club,established_mid,Gtech Community Stadium,17250,False,12,9,38,45,0.4157367044463819,European Spot,0.0,0.0,0.0,0.4157367044463819,10,0.7810810810810811,Saturday 12:30,4,3,False,False,0.33632508113100307,0.6773931865415196,False,3,406,0.7044379703613359,0.746,0.746,15112,9487,Consistent Gradual,0.525,0.69,A,1,2
NFO_MUN_2023-24,2023-24,29,2024-02-24,NFO,MUN,smaller_club,big_six,City Ground,30445,False,17,1,20,62,0.6248648648648649,High Stakes,0.0,0.6248648648648649,0.5077027027027027,0.0,10,0.7810810810810811,Sunday 14:00,2,4,False,False,0.17797108875542528,0.5228452632966432,True,4,31,0.6299677832814798,0.909,0.909,29427,17658,Early Surge,0.839,0.937,D,3,3
LEI_TOT_2023-24,2023-24,29,2024-02-24,LEI,TOT,smaller_club,big_six,King Power Stadium,32261,False,20,4,15,54,0.6248648648648649,High Stakes,0.0,0.6248648648648649,0.42581517000871844,0.0,10,0.7810810810810811,Sunday 14:00,2,2,False,False,0.346744467175892,0.5840053573033354,False,4,368,0.40754244679033835,0.992,0.992,32239,19356,Early Surge,0.839,0.937,A,0,2
BOU_CHE_2023-24,2023-24,29,2024-02-24,BOU,CHE,smaller_club,big_six,Vitality Stadium,11307,False,19,6,17,52,0.5845510026155188,High Stakes,0.0,0.5845510026155188,0.4585701830863121,0.42959459459459465,10,0.7810810810810811,Sunday 14:00,2,3,False,False,0.21209970117148452,0.3335088797393592,False,3,241,0.8648939526579602,0.839,0.839,10229,5653,Early Surge,0.839,0.937,H,0,0
IPS_LIV_2023-24,2023-24,29,2024-02-24,IPS,LIV,smaller_club,big_six,Portman Road,30000,False,14,5,28,53,0.6047079337401918,High Stakes,0.0,0.6047079337401918,0.37668265039232784,0.0,10,0.7810810810810811,Sunday 14:00,2,4,False,False,0.030510338646400986,0.9457425864550009,True,4,207,0.815548741404615,0.805,0.805,27691,16500,Early Surge,0.839,0.937,D,1,1
SOU_MCI_2023-24,2023-24,29,2024-02-24,SOU,MCI,smaller_club,big_six,St. Mary's Stadium,32384,False,15,3,28,56,0.6248648648648649,High Stakes,0.0,0.6248648648648649,0.37668265039232784,0.0,10,0.7810810810810811,Sunday 14:00,2,2,False,False,0.9487311295471907,0.5410189653358789,False,4,267,0.5316581736329794,0.827,0.827,30470,17811,Early Surge,0.839,0.937,A,0,3
BHA_ARS_2023-24,2023-24,30,2024-03-02,BHA,ARS,established_mid,big_six,Amex Stadium,31800,False,7,2,49,60,0.6443243243243244,High Stakes,0.0,0.6443243243243244,0.0,0.442972972972973,9,0.8054054054054054,Sunday 14:00,2,2,False,False,0.6685326251177663,0.706968049880984,True,6,34,0.7352855814569705,1.0,1.1,31480,20670,Early Surge,0.839,0.937,H,3,1
WHU_WOL_2023-24,2023-24,30,2024-03-02,WHU,WOL,established_mid,established_mid,London Stadium,62500,False,11,10,40,42,0.3322297297297297,European Spot,0.0,0.0,0.0,0.3322297297297297,9,0.8054054054054054,Saturday 15:00,1,1,False,False,0.658013526764649,0.7248722959586399,False,3,93,0.6505499039281831,0.8,0.8,56924,36250,Consistent Gradual,0.525,0.69,H,3,0
NEW_FUL_2023-24,2023-24,30,2024-03-02,NEW,FUL,established_mid,established_mid,St. James Park,52305,False,8,16,48,26,0.42715250965250967,European Spot,0.0,0.0,0.41133204633204634,0.42715250965250967,9,0.8054054054054054,Saturday 15:00,1,2,False,False,0.6065185324971576,0.287103673395524,False,3,230,0.7949148428385397,0.938,0.938,51638,36613,Consistent Gradual,0.525,0.69,D,1,1
AVL_CPL_2023-24,2023-24,30,2024-03-02,AVL,CPL,established_mid,established_mid,Villa Park,42682,False,9,13,48,31,0.42715250965250967,European Spot,0.0,0.0,0.0,0.42715250965250967,9,0.8054054054054054,Friday 20:00,2,1,False,False,0.7741752305790637,0.23515880559120467,False,3,353,0.4181720998215804,0.884,0.884,41671,26462,Consistent Gradual,0.525,0.69,D,3,3
MUN_EVE_2023-24,2023-24,30,2024-03-02,MUN,EVE,big_six,smaller_club,Old Trafford,74310,False,1,18,63,20,0.6443243243243244,High Stakes,0.0,0.6443243243243244,0.5235135135135135,0.0,9,0.8054054054054054,Sunday 14:00,2,1,False,False,0.5159916843076502,0.3530052592246798,True,4,202,0.4909510596777836,1.0,1.073,75793,63163,Consistent Gradual,0.525,0.69,H,0,1
TOT_BRE_2023-24,2023-24,30,2024-03-02,TOT,BRE,big_six,smaller_club,Tottenham Hotspur Stadium,62850,False,4,12,57,38,0.6443243243243244,High Stakes,0.0,0.6443243243243244,0.0,0.0,9,0.8054054054054054,Sunday 14:00,2,2,False,True,0.7088037501123348,0.23542755679170213,True,4,413,0.5318049396705603,1.0,1.058,63476,52165,Consistent Gradual,0.525,0.69,H,2,2
CHE_NFO_2023-24,2023-24,30,2024-03-02,CHE,NFO,big_six,smaller_club,Stamford Bridge,40834,False,6,17,52,21,0.5292664092664093,High Stakes,0.0,0.5292664092664093,0.5048166023166023,0.442972972972973,9,0.8054054054054054,Sunday 14:00,2,1,False,False,0.23345621581755144,0.2745797621287977,False,4,156,0.543804117578019,0.952,0.952,39981,32667,Consistent Gradual,0.525,0.69,A,0,0
LIV_LEI_2023-24,2023-24,30,2024-03-02,LIV,LEI,big_six,smaller_club,Anfield,61276,False,5,20,54,15,0.5752895752895754,High Stakes,0.0,0.5752895752895754,0.43002895752895753,0.0,9,0.8054054054054054,Sunday 14:00,2,1,False,True,0.8120198105185006,0.2427211270231244,False,5,116,0.5000005693916422,1.0,1.065,64337,55148,Consistent Gradual,0.525,0.69,H,3,2
MCI_BOU_2023-24,2023-24,30,2024-03-02,MCI,BOU,big_six,smaller_club,Etihad Stadium,53400,False,3,19,59,20,0.6443243243243244,High Stakes,0.0,0.6443243243243244,0.5235135135135135,0.0,9,0.8054054054054054,Sunday 14:00,2,2,False,False,0.6787132757351152,0.4484697908200391,False,4,192,0.7559122592621377,0.943,0.943,53375,43788,Consistent Gradual,0.525,0.69,H,4,0
SOU_IPS_2023-24,2023-24,30,2024-03-02,SOU,IPS,smaller_club,smaller_club,St. Mary's Stadium,32384,False,15,14,28,29,0.47299262899262895,European Spot,0.0,0.0,0.47299262899262895,0.0,9,0.8054054054054054,Sunday 14:00,2,2,False,False,0.6641117906830335,0.17135723705248068,False,0,420,0.4591605053861659,0.559,0.559,26409,17811,Consistent Gradual,0.525,0.69,H,2,1
ARS_WHU_2023-24,2023-24,31,2024-03-09,ARS,WHU,big_six,established_mid,Emirates Stadium,60704,False,4,10,60,43,0.6637837837837839,High Stakes,0.0,0.6637837837837839,0.0,0.4563513513513514,8,0.8297297297297298,Sunday 14:00,2,2,False,False,0.4948776349166888,0.7606094687352543,False,6,58,0.6717791182474064,1.0,1.1,63130,53419,Consistent Gradual,0.525,0.69,H,2,0
BHA_NEW_2023-24,2023-24,31,2024-03-09,BHA,NEW,established_mid,established_mid,Amex Stadium,31800,False,7,8,52,49,0.4563513513513514,European Spot,0.0,0.0,0.0,0.4563513513513514,8,0.8297297297297298,Saturday 17:30,3,2,False,True,0.7679728375824364,0.5745629727480103,True,4,304,0.8823059435008236,0.874,0.874,30347,20670,Consistent Gradual,0.525,0.69,D,0,0
WOL_AVL_2023-24,2023-24,31,2024-03-09,WOL,AVL,established_mid,established_mid,Molineux,32050,True,11,9,42,49,0.40158918918918923,European Spot,0.0,0.0,0.0,0.40158918918918923,8,0.8297297297297298,Saturday 15:00,1,2,False,False,0.5074106071710479,0.6919226614053445,False,3,111,0.6890942689024553,1.0,1.025,32212,19230,Consistent Gradual,0.525,0.69,D,3,3
FUL_MUN_2023-24,2023-24,31,2024-03-09,FUL,MUN,established_mid,big_six,Craven Cottage,29600,False,16,1,27,66,0.6637837837837839,High Stakes,0.0,0.6637837837837839,0.38831351351351356,0.0,8,0.8297297297297298,Sunday 14:00,2,1,False,False,0.35097257137686677,0.661194179015355,False,4,30,0.8367970212646497,1.0,1.006,29408,16280,Early Surge,0.839,0.937,A,1,2
CPL_TOT_2023-24,2023-24,31,2024-03-09,CPL,TOT,established_mid,big_six,Selhurst Park,25486,False,13,3,32,60,0.6637837837837839,High Stakes,0.0,0.6637837837837839,0.0,0.0,8,0.8297297297297298,Sunday 14:00,2,1,False,False,0.31461116391384325,0.7961626250786342,False,4,193,0.7908559912329158,1.0,1.035,25710,15291,Early Surge,0.839,0.937,A,2,0
EVE_CHE_2023-24,2023-24,31,2024-03-09,EVE,CHE,smaller_club,big_six,Goodison Park,39414,False,18,6,20,52,0.5393243243243244,High Stakes,0.0,0.45137297297297296,0.5393243243243244,0.4563513513513514,8,0.8297297297297298,Sunday 14:00,2,2,False,False,0.24710368145727585,0.163419351072286,False,4,402,0.89681836369089,1.0,1.034,40152,25619,Early Surge,0.839,0.937,A,0,0
BRE_LIV_2023-24,2023-24,31,2024-03-09,BRE,LIV,smaller_club,big_six,Gtech Community Stadium,17250,False,12,5,38,57,0.5841297297297298,High Stakes,0.0,0.5841297297297298,0.0,0.0,8,0.8297297297297298,Sunday 14:00,2,1,False,False,0.16479928975419147,0.8684138673629505,False,5,353,0.6390069924147201,0.977,0.977,16837,9487,Early Surge,0.839,0.937,A,2,3
NFO_MCI_2023-24,2023-24,31,2024-03-09,NFO,MCI,smaller_club,big_six,City Ground,30445,False,17,2,24,62,0.6637837837837839,High Stakes,0.0,0.6637837837837839,0.45303243243243246,0.0,8,0.8297297297297298,Sunday 14:00,2,2,False,False,0.49220583349015834,0.7750992930145806,True,5,265,0.7555708941179662,1.0,1.042,30738,17658,Early Surge,0.839,0.937,H,3,2
LEI_SOU_2023-24,2023-24,31,2024-03-09,LEI,SOU,smaller_club,smaller_club,King Power Stadium,32261,False,20,14,15,31,0.47497793712079434,European Spot,0.0,0.0,0.47497793712079434,0.0,8,0.8297297297297298,Saturday 15:00,1,1,False,False,0.16990478891618707,0.7648782534781233,False,1,102,0.7681135617104314,0.686,0.686,28149,19356,Consistent Gradual,0.525,0.69,A,2,0
BOU_IPS_2023-24,2023-24,31,2024-03-09,BOU,IPS,smaller_club,smaller_club,Vitality Stadium,11307,False,19,15,20,29,0.5757308328736901,High Stakes,0.0,0.0,0.5757308328736901,0.0,8,0.8297297297297298,Saturday 12:30,4,1,False,False,0.3139288535740274,0.11995006593673647,False,0,302,0.8590527433146888,0.725,0.725,9587,5653,Consistent Gradual,0.525,0.69,H,3,1
NEW_ARS_2023-24,2023-24,32,2024-03-16,NEW,ARS,established_mid,big_six,St. James Park,52305,False,8,3,50,63,0.6832432432432434,High Stakes,0.0,0.6832432432432434,0.0,0.4697297297297298,7,0.8540540540540541,Sunday 14:00,2,2,False,True,0.5521940809236071,0.6464143444416821,False,6,207,0.4816360170234528,1.0,1.1,52826,36613,Early Surge,0.839,0.937,D,2,2
AVL_WHU_2023-24,2023-24,32,2024-03-16,AVL,WHU,established_mid,established_mid,Villa Park,42682,False,9,10,50,43,0.4056756756756757,European Spot,0.0,0.0,0.0,0.4056756756756757,7,0.8540540540540541,Sunday 14:00,2,2,False,False,0.6343458629837412,0.5324266281146779,False,4,268,0.772798508848819,0.848,0.848,40556,26462,Consistent Gradual,0.525,0.69,D,3,3
MUN_BHA_2023-24,2023-24,32,2024-03-16,MUN,BHA,big_six,established_mid,Old Trafford,74310,False,1,7,69,53,0.6832432432432434,High Stakes,0.0,0.6832432432432434,0.0,0.4697297297297298,7,0.8540540540540541,Sunday 14:00,2,2,False,True,0.7628359253107485,0.6875809863077055,True,5,19,0.7607469113729055,1.0,1.1,75793,63163,Consistent Gradual,0.525,0.69,H,0,1
TOT_WOL_2023-24,2023-24,32,2024-03-16,TOT,WOL,big_six,established_mid,Tottenham Hotspur Stadium,62850,False,2,11,63,43,0.6832432432432434,High Stakes,0.0,0.6832432432432434,0.0,0.0,7,0.8540540540540541,Sunday 14:00,2,2,False,False,0.857313837555044,0.5051874250197335,True,4,313,0.7981634709602432,1.0,1.1,63476,52165,Consistent Gradual,0.525,0.69,H,3,1
CHE_FUL_2023-24,2023-24,32,2024-03-16,CHE,FUL,big_six,established_mid,Stamford Bridge,40834,True,6,16,55,27,0.4697297297297298,European Spot,0.0,0.46584766584766596,0.4542014742014742,0.4697297297297298,7,0.8540540540540541,Sunday 16:30,3,2,False,True,0.41439354575060017,0.24568079996380673,False,4,113,0.44211336255406786,1.0,1.1,40423,32667,Immediate Sellout,1.0,1.0,D,1,1
LIV_CPL_2023-24,2023-24,32,2024-03-16,LIV,CPL,big_six,established_mid,Anfield,61276,False,5,14,60,32,0.6211302211302212,High Stakes,0.0,0.6211302211302212,0.328034398034398,0.0,7,0.8540540540540541,Sunday 14:00,2,2,False,False,0.9078897071540653,0.22022781473969025,False,5,343,0.42677295532960896,1.0,1.1,64337,55148,Consistent Gradual,0.525,0.69,H,2,1
MCI_EVE_2023-24,2023-24,32,2024-03-16,MCI,EVE,big_six,smaller_club,Etihad Stadium,53400,False,4,19,62,20,0.6832432432432434,High Stakes,0.0,0.6832432432432434,0.47943488943488943,0.0,7,0.8540540540540541,Sunday 14:00,2,1,False,False,0.5425695051102064,0.17297257702009308,False,5,51,0.4075298006880205,0.983,0.983,53418,43788,Consistent Gradual,0.525,0.69,H,0,1
SOU_BRE_2023-24,2023-24,32,2024-03-16,SOU,BRE,smaller_club,smaller_club,St. Mary's Stadium,32384,False,13,12,34,38,0.0,Standard,0.0,0.0,0.0,0.0,7,0.8540540540540541,Saturday 15:00,1,2,False,False,0.8354147774346863,0.11535950282793403,False,1,243,0.6614323143961347,0.508,0.508,25147,17811,Flat/Slow,0.47,0.574,H,2,1
IPS_NFO_2023-24,2023-24,32,2024-03-16,IPS,NFO,smaller_club,smaller_club,Portman Road,30000,False,15,17,29,27,0.5571213073538656,High Stakes,0.0,0.0,0.5571213073538656,0.0,7,0.8540540540540541,Saturday 15:00,1,1,False,False,0.08396504615571553,0.6445440834431109,True,1,227,0.5562047552826177,0.679,0.679,25823,16500,Consistent Gradual,0.525,0.69,A,2,2
BOU_LEI_2023-24,2023-24,32,2024-03-16,BOU,LEI,smaller_club,smaller_club,Vitality Stadium,11307,False,18,20,23,15,0.5908862350722816,High Stakes,0.0,0.0,0.5908862350722816,0.0,7,0.8540540540540541,Monday 20:00,2,1,False,False,0.5197501975018192,0.11893335224133095,False,1,96,0.8618800403195457,0.607,0.607,8782,5653,Consistent Gradual,0.525,0.69,H,1,2
ARS_AVL_2023-24,2023-24,33,2024-03-23,ARS,AVL,big_six,established_mid,Emirates Stadium,60704,False,4,9,64,51,0.7027027027027027,High Stakes,0.0,0.7027027027027027,0.0,0.48310810810810817,6,0.8783783783783784,Sunday 14:00,2,1,False,False,0.6024900411091775,0.5940421040886188,False,6,309,0.8902159797809428,1.0,1.1,63130,53419,Immediate Sellout,1.0,1.0,A,2,0
NEW_MUN_2023-24,2023-24,33,2024-03-23,NEW,MUN,established_mid,big_six,St. James Park,52305,False,8,1,51,72,0.7027027027027027,High Stakes,0.0,0.7027027027027027,0.0,0.48310810810810817,6,0.8783783783783784,Sunday 14:00,2,2,False,False,0.5365358566465249,0.833985147717524,False,5,177,0.4099718542537451,1.0,1.1,52826,36613,Early Surge,0.839,0.937,H,3,2
WHU_TOT_2023-24,2023-24,33,2024-03-23,WHU,TOT,established_mid,big_six,London Stadium,62500,True,10,2,44,66,0.7027027027027027,High Stakes,0.0,0.7027027027027027,0.0,0.48310810810810817,6,0.8783783783783784,Sunday 14:00,2,1,False,False,0.5226986396802745,0.9001196862885308,False,5,162,0.6591803066078645,1.0,1.1,63124,36250,Early Surge,0.839,0.937,H,4,2
BHA_CHE_2023-24,2023-24,33,2024-03-23,BHA,CHE,established_mid,big_six,Amex Stadium,31800,False,7,6,53,56,0.48310810810810817,European Spot,0.0,0.40682788051209107,0.0,0.48310810810810817,6,0.8783783783783784,Monday 20:00,2,1,False,False,0.4813066904153938,0.44007548202542013,True,5,255,0.5819362227310594,1.0,1.052,31480,20670,Early Surge,0.839,0.937,D,1,1
WOL_LIV_2023-24,2023-24,33,2024-03-23,WOL,LIV,established_mid,big_six,Molineux,32050,False,11,5,43,63,0.6657183499288764,High Stakes,0.0,0.6657183499288764,0.0,0.0,6,0.8783783783783784,Sunday 14:00,2,2,False,False,0.3536311975138134,0.9355227950078455,False,5,73,0.7775708765691067,1.0,1.02,32359,19230,Early Surge,0.839,0.937,A,2,1
FUL_MCI_2023-24,2023-24,33,2024-03-23,FUL,MCI,established_mid,big_six,Craven Cottage,29600,False,17,3,28,65,0.7027027027027027,High Stakes,0.0,0.7027027027027027,0.510846372688478,0.0,6,0.8783783783783784,Sunday 14:00,2,1,False,False,0.3219765599746647,0.6797986535771445,False,5,132,0.8516689646158222,1.0,1.006,29378,16280,Early Surge,0.839,0.937,H,4,1
CPL_SOU_2023-24,2023-24,33,2024-03-23,CPL,SOU,established_mid,smaller_club,Selhurst Park,25486,False,14,13,32,37,0.390647226173542,European Spot,0.0,0.0,0.390647226173542,0.0,6,0.8783783783783784,Sunday 14:00,2,1,False,False,0.15415947031778315,0.8847903442042804,False,1,427,0.44592721602188673,0.7,0.7,22429,15291,Consistent Gradual,0.525,0.69,D,2,2
EVE_IPS_2023-24,2023-24,33,2024-03-23,EVE,IPS,smaller_club,smaller_club,Goodison Park,39414,False,19,16,20,29,0.5650109569028489,High Stakes,0.0,0.0,0.5650109569028489,0.0,6,0.8783783783783784,Monday 20:00,2,2,False,False,0.12108080391406514,0.058775532309000865,False,1,184,0.6452516500667862,0.671,0.671,35201,25619,Late Surge,0.253,0.545,A,2,2
BRE_BOU_2023-24,2023-24,33,2024-03-23,BRE,BOU,smaller_club,smaller_club,Gtech Community Stadium,17250,False,12,18,38,26,0.5709459459459459,High Stakes,0.0,0.0,0.5709459459459459,0.0,6,0.8783783783783784,Sunday 16:30,3,1,False,False,0.08075165197955382,0.6638251382512734,False,1,15,0.6816824356118465,0.745,0.745,15100,9487,Late Surge,0.253,0.545,A,2,3
NFO_LEI_2023-24,2023-24,33,2024-03-23,NFO,LEI,smaller_club,smaller_club,City Ground,30445,True,15,20,30,15,0.4439371804236668,European Spot,0.0,0.0,0.4439371804236668,0.0,6,0.8783783783783784,Saturday 12:30,4,1,False,False,0.7511808584101776,0.08325334656893166,True,2,322,0.8128887792082533,1.0,1.03,30747,17658,Late Surge,0.253,0.545,H,2,2
MUN_ARS_2023-24,2023-24,34,2024-03-30,MUN,ARS,big_six,big_six,Old Trafford,74310,True,1,5,72,64,0.7221621621621622,High Stakes,0.0,0.7221621621621622,0.0,0.0,5,0.9027027027027027,Sunday 16:30,3,1,False,True,0.5837896034022667,0.4217430287764242,True,7,337,0.8321827245916816,1.0,1.1,75793,63163,Immediate Sellout,1.0,1.0,H,3,0
TOT_AVL_2023-24,2023-24,34,2024-03-30,TOT,AVL,big_six,established_mid,Tottenham Hotspur Stadium,62850,False,2,9,66,54,0.7221621621621622,High Stakes,0.0,0.7221621621621622,0.0,0.4964864864864865,5,0.9027027027027027,Sunday 14:00,2,2,False,False,0.6300837804019715,0.7158294728620331,True,5,172,0.7153240571451457,1.0,1.1,63476,52165,Immediate Sellout,1.0,1.0,H,1,2
CHE_NEW_2023-24,2023-24,34,2024-03-30,CHE,NEW,big_six,established_mid,Stamford Bridge,40834,False,6,8,57,54,0.4964864864864865,European Spot,0.0,0.3610810810810811,0.0,0.4964864864864865,5,0.9027027027027027,Saturday 15:00,1,1,False,False,0.458052837417794,0.6755750996525673,False,5,238,0.6531029472185774,1.0,1.022,40408,32667,Late Surge,0.253,0.545,D,2,2
LIV_WHU_2023-24,2023-24,34,2024-03-30,LIV,WHU,big_six,established_mid,Anfield,61276,False,3,10,66,47,0.7221621621621622,High Stakes,0.0,0.7221621621621622,0.0,0.4964864864864865,5,0.9027027027027027,Sunday 14:00,2,2,False,False,0.9548659565054918,0.6658890477761921,False,6,219,0.7112960950973639,1.0,1.1,64337,55148,Immediate Sellout,1.0,1.0,D,0,0
MCI_BHA_2023-24,2023-24,34,2024-03-30,MCI,BHA,big_six,established_mid,Etihad Stadium,53400,False,4,7,65,54,0.7221621621621622,High Stakes,0.0,0.7221621621621622,0.0,0.4964864864864865,5,0.9027027027027027,Sunday 14:00,2,1,False,True,0.47585905750400115,0.4869146832907757,False,6,376,0.5982002564769876,1.0,1.1,53933,43788,Immediate Sellout,1.0,1.0,A,2,0
SOU_WOL_2023-24,2023-24,34,2024-03-30,SOU,WOL,smaller_club,established_mid,St. Mary's Stadium,32384,False,13,11,38,43,0.0,Standard,0.0,0.0,0.0,0.0,5,0.9027027027027027,Sunday 14:00,2,2,False,False,0.7693532409429963,0.24754183825966936,False,1,33,0.5613997723099208,0.604,0.604,27041,17811,Consistent Gradual,0.525,0.69,H,1,2
IPS_FUL_2023-24,2023-24,34,2024-03-30,IPS,FUL,smaller_club,established_mid,Portman Road,30000,False,16,17,32,31,0.643539668700959,High Stakes,0.0,0.0,0.643539668700959,0.0,5,0.9027027027027027,Saturday 12:30,4,2,False,False,0.3411428726163006,0.5253835919822653,True,1,294,0.85866485389576,0.836,0.836,28726,16500,Late Surge,0.253,0.545,A,2,0
BOU_CPL_2023-24,2023-24,34,2024-03-30,BOU,CPL,smaller_club,established_mid,Vitality Stadium,11307,False,18,14,29,33,0.6682911944202267,High Stakes,0.0,0.0,0.6682911944202267,0.0,5,0.9027027027027027,Saturday 15:00,1,2,False,False,0.7646775967758914,0.2579116292224482,False,1,97,0.7414755910382909,0.738,0.738,9650,5653,Late Surge,0.253,0.545,H,3,0
LEI_EVE_2023-24,2023-24,34,2024-03-30,LEI,EVE,smaller_club,smaller_club,King Power Stadium,32261,False,20,19,15,20,0.19801220575414122,Standard,0.0,0.0,0.19801220575414122,0.0,5,0.9027027027027027,Sunday 14:00,2,2,False,False,0.05827734259825216,0.0847565627398456,False,2,131,0.5854421463987699,0.621,0.621,27645,19356,Flat/Slow,0.47,0.574,D,0,0
NFO_BRE_2023-24,2023-24,34,2024-03-30,NFO,BRE,smaller_club,smaller_club,City Ground,30445,False,15,12,33,38,0.44006756756756754,European Spot,0.0,0.0,0.44006756756756754,0.0,5,0.9027027027027027,Saturday 15:00,1,1,False,False,0.8258266008871242,0.05652615638568767,True,2,6,0.7715074441921848,0.72,0.72,26777,17658,Late Surge,0.254,0.545,H,4,1
ARS_TOT_2023-24,2023-24,35,2024-04-06,ARS,TOT,big_six,big_six,Emirates Stadium,60704,True,5,2,64,69,0.7416216216216216,High Stakes,0.0,0.7416216216216216,0.0,0.0,4,0.927027027027027,Sunday 16:30,3,1,False,False,0.2952201201434969,0.74105864628138,False,7,53,0.8721485627002565,1.0,1.1,63130,53419,Immediate Sellout,1.0,1.0,H,3,0
MUN_CHE_2023-24,2023-24,35,2024-04-06,MUN,CHE,big_six,big_six,Old Trafford,74310,False,1,6,75,58,0.7416216216216216,High Stakes,0.0,0.7416216216216216,0.0,0.5098648648648649,4,0.927027027027027,Sunday 16:30,3,1,False,False,0.7086527223815866,0.47063698619245575,True,6,109,0.7037302963857333,1.0,1.1,75793,63163,Immediate Sellout,1.0,1.0,H,1,1
AVL_LIV_2023-24,2023-24,35,2024-04-06,AVL,LIV,established_mid,big_six,Villa Park,42682,False,9,3,54,67,0.7416216216216216,High Stakes,0.0,0.7416216216216216,0.0,0.5098648648648649,4,0.927027027027027,Sunday 14:00,2,1,False,False,0.5010806310034231,0.8184061695538443,False,6,248,0.4068887705155536,1.0,1.1,43106,26462,Early Surge,0.839,0.937,A,1,4
NEW_MCI_2023-24,2023-24,35,2024-04-06,NEW,MCI,established_mid,big_six,St. James Park,52305,False,8,4,55,65,0.7416216216216216,High Stakes,0.0,0.7416216216216216,0.0,0.5098648648648649,4,0.927027027027027,Sunday 14:00,2,1,False,False,0.6229025697567971,0.3331013402528008,False,6,413,0.8189754699614191,1.0,1.1,52826,36613,Early Surge,0.839,0.937,H,0,0
WHU_SOU_2023-24,2023-24,35,2024-04-06,WHU,SOU,established_mid,smaller_club,London Stadium,62500,False,10,12,48,41,0.0,Standard,0.0,0.0,0.0,0.0,4,0.927027027027027,Sunday 14:00,2,1,False,False,0.6161223334433344,0.8385472686600974,False,2,84,0.45479838207767476,0.648,0.648,53995,36250,Flat/Slow,0.47,0.574,H,1,2
BHA_IPS_2023-24,2023-24,35,2024-04-06,BHA,IPS,established_mid,smaller_club,Amex Stadium,31800,False,7,17,57,32,0.6025675675675676,High Stakes,0.0,0.0,0.6025675675675676,0.5098648648648649,4,0.927027027027027,Sunday 16:30,3,1,False,False,0.640840278303543,0.23880001083141042,True,2,181,0.7226089893453198,0.946,0.946,30899,20670,Early Surge,0.839,0.937,H,0,2
WOL_BOU_2023-24,2023-24,35,2024-04-06,WOL,BOU,established_mid,smaller_club,Molineux,32050,False,11,18,43,32,0.6025675675675676,High Stakes,0.0,0.0,0.6025675675675676,0.0,4,0.927027027027027,Sunday 14:00,2,1,False,False,0.17327928678176854,0.8352743177431239,False,1,394,0.5370229807662418,0.766,0.766,29129,19230,Early Surge,0.839,0.937,A,2,4
FUL_LEI_2023-24,2023-24,35,2024-04-06,FUL,LEI,established_mid,smaller_club,Craven Cottage,29600,False,15,20,34,16,0.22063243243243247,Standard,0.0,0.0,0.22063243243243247,0.0,4,0.927027027027027,Sunday 16:30,3,2,False,False,0.6677685143875857,0.19079413981877652,False,2,44,0.8171730836181832,0.64,0.64,24868,16280,Flat/Slow,0.47,0.574,H,3,0
CPL_NFO_2023-24,2023-24,35,2024-04-06,CPL,NFO,established_mid,smaller_club,Selhurst Park,25486,False,16,14,33,36,0.6303783783783783,High Stakes,0.0,0.0,0.6303783783783783,0.0,4,0.927027027027027,Friday 20:00,2,1,False,False,0.18053814045571373,0.878078620620987,False,2,251,0.5981412823424292,0.745,0.745,23047,15291,Early Surge,0.839,0.937,D,0,0
EVE_BRE_2023-24,2023-24,35,2024-04-06,EVE,BRE,smaller_club,smaller_club,Goodison Park,39414,False,19,13,21,38,0.3244594594594594,European Spot,0.0,0.0,0.3244594594594594,0.0,4,0.927027027027027,Saturday 15:00,1,1,False,False,0.2093295939178919,0.03956830946998137,False,2,449,0.4177165168047609,0.714,0.714,36149,25619,Consistent Gradual,0.525,0.69,D,1,1
CHE_ARS_2023-24,2023-24,36,2024-04-13,CHE,ARS,big_six,big_six,Stamford Bridge,40834,True,7,4,58,67,0.7610810810810812,Top Four Decider,0.0,0.7610810810810812,0.0,0.5232432432432433,3,0.9513513513513514,Sunday 16:30,3,2,False,False,0.329445890334719,0.5066540841004479,False,7,235,0.5984203398772732,1.0,1.1,40423,32667,Immediate Sellout,1.0,1.0,H,2,0
LIV_TOT_2023-24,2023-24,36,2024-04-13,LIV,TOT,big_six,big_six,Anfield,61276,False,2,3,70,69,0.7610810810810812,Top Four Decider,0.0,0.7610810810810812,0.0,0.0,3,0.9513513513513514,Saturday 12:30,4,2,False,False,0.8728843186876909,0.518741052396966,False,7,94,0.6343221315667084,1.0,1.1,64337,55148,Immediate Sellout,1.0,1.0,H,1,2
MCI_MUN_2023-24,2023-24,36,2024-04-13,MCI,MUN,big_six,big_six,Etihad Stadium,53400,True,5,1,65,78,0.7610810810810812,Top Four Decider,0.0,0.7610810810810812,0.0,0.0,3,0.9513513513513514,Saturday 12:30,4,2,False,False,0.23317093817696055,0.7960569056671105,False,7,220,0.41422870148375973,1.0,1.1,53933,43788,Immediate Sellout,1.0,1.0,A,2,4
SOU_AVL_2023-24,2023-24,36,2024-04-13,SOU,AVL,smaller_club,established_mid,St. Mary's Stadium,32384,False,12,9,41,54,0.313945945945946,European Spot,0.0,0.0,0.0,0.313945945945946,3,0.9513513513513514,Sunday 14:00,2,2,False,False,0.5869830880620681,0.35075644170239617,False,2,449,0.4152426603609155,0.652,0.652,27892,17811,Consistent Gradual,0.525,0.69,H,0,2
IPS_NEW_2023-24,2023-24,36,2024-04-13,IPS,NEW,smaller_club,established_mid,Portman Road,30000,False,18,8,32,58,0.6183783783783784,High Stakes,0.0,0.0,0.6183783783783784,0.5232432432432433,3,0.9513513513513514,Saturday 17:30,3,2,False,False,0.1671600075819873,0.736031798829758,True,2,347,0.8988446431608743,0.775,0.775,27497,16500,Late Surge,0.253,0.545,D,3,3
BOU_WHU_2023-24,2023-24,36,2024-04-13,BOU,WHU,smaller_club,established_mid,Vitality Stadium,11307,False,16,10,35,51,0.43286486486486486,European Spot,0.0,0.0,0.43286486486486486,0.0,3,0.9513513513513514,Sunday 14:00,2,2,False,False,0.8846920224201866,0.7312856334103341,False,2,171,0.6763859031604758,0.707,0.707,9602,5653,Late Surge,0.253,0.545,H,0,0
LEI_BHA_2023-24,2023-24,36,2024-04-13,LEI,BHA,smaller_club,established_mid,King Power Stadium,32261,False,20,6,16,60,0.5232432432432433,High Stakes,0.0,0.0,-0.37102702702702717,0.5232432432432433,3,0.9513513513513514,Saturday 15:00,1,1,False,False,0.13355589787314356,0.74858819481248,False,3,149,0.8311087634696699,0.852,0.852,30557,19356,Late Surge,0.253,0.545,A,0,3
NFO_WOL_2023-24,2023-24,36,2024-04-13,NFO,WOL,smaller_club,established_mid,City Ground,30445,False,15,11,37,43,0.0,Standard,0.0,0.0,0.0,0.0,3,0.9513513513513514,Saturday 15:00,1,2,False,False,0.7646550344346909,0.12129550074723797,True,2,178,0.49158541912501447,0.746,0.746,27663,17658,Consistent Gradual,0.525,0.69,H,4,2
BRE_FUL_2023-24,2023-24,36,2024-04-13,BRE,FUL,smaller_club,established_mid,Gtech Community Stadium,17250,True,13,14,39,37,0.0,Standard,0.0,0.0,0.0,0.0,3,0.9513513513513514,Saturday 15:00,1,1,False,False,0.17769781662898695,0.7674379600713099,False,2,200,0.5846170253394303,0.91,0.91,16218,9487,Consistent Gradual,0.525,0.69,D,1,1
EVE_CPL_2023-24,2023-24,36,2024-04-13,EVE,CPL,smaller_club,established_mid,Goodison Park,39414,False,19,17,22,34,0.29792318634423903,Standard,0.0,0.0,0.29792318634423903,0.0,3,0.9513513513513514,Monday 20:00,2,1,False,False,0.2965307157425243,0.2763766983189996,False,2,350,0.8175478397549567,0.71,0.71,36272,25619,Consistent Gradual,0.525,0.69,D,1,1
ARS_LIV_2023-24,2023-24,37,2024-04-20,ARS,LIV,big_six,big_six,Emirates Stadium,60704,False,4,2,67,73,0.7805405405405406,Top Four Decider,0.0,0.7805405405405406,0.0,0.0,2,0.9756756756756757,Sunday 16:30,3,1,False,False,0.3546578588703135,0.9110190230813835,False,8,217,0.8440796894596204,1.0,1.1,63130,53419,Immediate Sellout,1.0,1.0,A,0,2
CHE_MCI_2023-24,2023-24,37,2024-04-20,CHE,MCI,big_six,big_six,Stamford Bridge,40834,False,7,5,61,65,0.5575289575289576,High Stakes,0.0,0.5575289575289576,0.0,0.5366216216216216,2,0.9756756756756757,Sunday 16:30,3,1,False,False,0.5306121232343033,0.16321965672387237,False,7,26,0.735236796632315,1.0,1.1,40423,32667,Immediate Sellout,1.0,1.0,H,0,2
TOT_SOU_2023-24,2023-24,37,2024-04-20,TOT,SOU,big_six,smaller_club,Tottenham Hotspur Stadium,62850,False,3,11,69,44,0.7805405405405406,Top Four Decider,0.0,0.7805405405405406,0.0,0.0,2,0.9756756756756757,Sunday 14:00,2,1,False,False,0.3631187366778762,0.7108881616434477,True,3,397,0.7636856541344241,1.0,1.1,63476,52165,Immediate Sellout,1.0,1.0,H,4,1
MUN_IPS_2023-24,2023-24,37,2024-04-20,MUN,IPS,big_six,smaller_club,Old Trafford,74310,False,1,18,81,33,0.7805405405405406,Top Four Decider,0.0,0.7805405405405406,0.6341891891891892,0.0,2,0.9756756756756757,Sunday 14:00,2,2,False,True,0.8572398339669773,0.2670120053073911,True,3,296,0.6406625775570871,1.0,1.1,75793,63163,Immediate Sellout,1.0,1.0,H,1,1
AVL_BOU_2023-24,2023-24,37,2024-04-20,AVL,BOU,established_mid,smaller_club,Villa Park,42682,False,9,16,54,38,0.0,Standard,0.0,0.0,0.0,0.0,2,0.9756756756756757,Sunday 14:00,2,2,False,True,0.2455295091916773,0.9192844156941307,False,2,220,0.6259402114486237,0.626,0.626,37047,26462,Flat/Slow,0.47,0.574,A,1,3
NEW_LEI_2023-24,2023-24,37,2024-04-20,NEW,LEI,established_mid,smaller_club,St. James Park,52305,False,8,20,59,16,0.38330115830115835,European Spot,0.0,0.0,-0.905984555984556,0.38330115830115835,2,0.9756756756756757,Saturday 12:30,4,1,False,False,0.6652222591808306,0.09348912851120049,False,3,329,0.6245351828821707,0.922,0.922,51684,36613,Consistent Gradual,0.525,0.69,H,0,0
WHU_NFO_2023-24,2023-24,37,2024-04-20,WHU,NFO,established_mid,smaller_club,London Stadium,62500,False,10,13,51,40,0.0,Standard,0.0,0.0,0.0,0.0,2,0.9756756756756757,Sunday 14:00,2,1,False,False,0.5118999433872339,0.8352585241042836,False,3,288,0.7526061967210462,0.648,0.648,53172,36250,Flat/Slow,0.47,0.574,A,2,2
BHA_BRE_2023-24,2023-24,37,2024-04-20,BHA,BRE,established_mid,smaller_club,Amex Stadium,31800,False,6,14,63,40,0.5366216216216216,High Stakes,0.0,0.0,0.0,0.5366216216216216,2,0.9756756756756757,Saturday 15:00,1,1,False,True,0.824011736368736,0.27438847164029084,True,3,283,0.4294006094505245,0.815,0.815,29476,20670,Early Surge,0.839,0.937,H,2,2
WOL_EVE_2023-24,2023-24,37,2024-04-20,WOL,EVE,established_mid,smaller_club,Molineux,32050,False,12,19,43,23,0.0,Standard,0.0,0.0,-0.2717953667953668,0.0,2,0.9756756756756757,Monday 20:00,2,1,False,False,0.08490685052306657,0.357571501019767,False,2,420,0.5033146124407505,0.6,0.6,27144,19230,Flat/Slow,0.47,0.574,H,4,0
FUL_CPL_2023-24,2023-24,37,2024-04-20,FUL,CPL,established_mid,established_mid,Craven Cottage,29600,False,15,17,38,35,0.45299227799227804,European Spot,0.0,0.0,0.45299227799227804,0.0,2,0.9756756756756757,Saturday 15:00,1,2,False,True,0.687206572049917,0.3434636888232997,False,2,197,0.8042580743195391,0.694,0.694,25654,16280,Late Surge,0.253,0.545,H,0,1
MCI_ARS_2023-24,2023-24,38,2024-04-27,MCI,ARS,big_six,big_six,Etihad Stadium,53400,False,6,4,65,67,0.8,Top Four Decider,0.0,0.8,0.0,0.55,1,1.0,Saturday 12:30,4,2,False,False,0.11425375970671064,0.24826050120921941,False,8,53,0.8108123909708417,1.0,1.1,53933,43788,Immediate Sellout,1.0,1.0,H,1,0
SOU_LIV_2023-24,2023-24,38,2024-04-27,SOU,LIV,smaller_club,big_six,St. Mary's Stadium,32384,False,12,2,44,76,0.8,Top Four Decider,0.0,0.8,0.0,0.0,1,1.0,Sunday 14:00,2,2,False,False,0.49762171315041337,0.9377133161569684,False,4,392,0.6281248961433565,0.899,0.899,31596,17811,Early Surge,0.839,0.937,A,1,2
IPS_CHE_2023-24,2023-24,38,2024-04-27,IPS,CHE,smaller_club,big_six,Portman Road,30000,False,18,7,33,64,0.65,High Stakes,0.0,0.0,0.65,0.55,1,1.0,Sunday 14:00,2,2,False,False,0.18690840371517375,0.6714284862640123,True,3,45,0.5135964966796167,0.923,0.923,29641,16500,Early Surge,0.839,0.937,A,1,4
BOU_TOT_2023-24,2023-24,38,2024-04-27,BOU,TOT,smaller_club,big_six,Vitality Stadium,11307,False,15,3,41,72,0.8,Top Four Decider,0.0,0.8,0.0,0.0,1,1.0,Sunday 14:00,2,2,False,False,0.9434990909858914,0.5541831156745134,False,3,300,0.7650466861799599,0.974,0.974,10865,5653,Early Surge,0.839,0.937,A,0,1
LEI_MUN_2023-24,2023-24,38,2024-04-27,LEI,MUN,smaller_club,big_six,King Power Stadium,32261,False,20,1,16,84,0.8,Top Four Decider,0.0,0.8,-2.1125000000000003,0.0,1,1.0,Sunday 14:00,2,1,False,False,0.06544238995784034,0.9000678837768841,False,4,115,0.4696013041911376,1.0,1.1,32581,19356,Early Surge,0.839,0.937,A,0,1
NFO_AVL_2023-24,2023-24,38,2024-04-27,NFO,AVL,smaller_club,established_mid,City Ground,30445,False,13,9,43,54,0.0,Standard,0.0,0.0,0.0,0.0,1,1.0,Sunday 16:30,3,2,False,False,0.8846809668729985,0.1718706564341741,True,3,443,0.8872278972151272,0.806,0.806,27918,17658,Consistent Gradual,0.525,0.69,H,3,1
BRE_NEW_2023-24,2023-24,38,2024-04-27,BRE,NEW,smaller_club,established_mid,Gtech Community Stadium,17250,False,16,8,40,62,0.0,Standard,0.0,0.0,0.0,0.0,1,1.0,Saturday 15:00,1,1,False,False,0.1920719301482036,0.7656555814265813,False,3,167,0.5125882065705569,0.7,0.7,14833,9487,Consistent Gradual,0.525,0.69,A,0,4
EVE_WHU_2023-24,2023-24,38,2024-04-27,EVE,WHU,smaller_club,established_mid,Goodison Park,39414,False,19,10,23,51,0.0,Standard,0.0,0.0,-0.9750000000000001,0.0,1,1.0,Saturday 15:00,1,2,False,False,0.2503000507138369,0.3583299603710637,False,3,61,0.5104313357767083,0.74,0.74,36100,25619,Consistent Gradual,0.525,0.69,A,0,0
CPL_BHA_2023-24,2023-24,38,2024-04-27,CPL,BHA,established_mid,established_mid,Selhurst Park,25486,True,17,5,35,66,0.6000000000000001,High Stakes,0.0,0.6000000000000001,0.0,0.0,1,1.0,Saturday 12:30,4,1,False,False,0.24042458217630977,0.8768082154581152,False,3,236,0.6651715555674671,1.0,1.1,25737,15291,Early Surge,0.839,0.937,D,0,0
FUL_WOL_2023-24,2023-24,38,2024-04-27,FUL,WOL,established_mid,established_mid,Craven Cottage,29600,False,14,11,41,46,0.0,Standard,0.0,0.0,0.0,0.0,1,1.0,Saturday 15:00,1,1,False,False,0.7810446004349418,0.3594347953661466,False,2,188,0.6055395524881251,0.72,0.72,25637,16280,Consistent Gradual,0.525,0.69,H,3,0
