{
  "LUZ": {
    "aic": -48.16378885397725,
    "in_sample_mape": 0.12053672192786241
  },
  "THG": {
    "aic": -13.62814576148805,
    "in_sample_mape": 0.21067175726336174
  },
  "WIN2": {
    "aic": -42.101946474000684,
    "in_sample_mape": 0.12920349069048662
  },
  "THU": {
    "aic": -12.164236314137646,
    "in_sample_mape": 0.21415654236522888
  },
  "HSC": {
    "aic": -4.878628613333646,
    "in_sample_mape": 0.19082297812951707
  },
  "RTV": {
    "aic": -7.0050204539578225,
    "in_sample_mape": 0.1627095261642268
  },
  "GC": {
    "aic": 8.655388572919236,
    "in_sample_mape": 0.2248894787648313
  },
  "BSV": {
    "aic": -43.14380124856041,
    "in_sample_mape": 0.10578786146131992
  },
  "KAD": {
    "aic": -37.80755047229919,
    "in_sample_mape": 0.12999000284217133
  },
  "WIN": {
    "aic": 14.16455556110825,
    "in_sample_mape": 0.2551011544570764
  }
}