{
  "WIN2_2021_R01_RTV": 0.45878428963588636,
  "THU_2021_R01_GC": 0.0335470761208263,
  "LUZ_2021_R01_KAD": -0.06124440210746618,
  "HSC_2021_R01_WIN": 0.08653198386917293,
  "THG_2021_R01_BSV": -0.014109180747668648,
  "BSV_2021_R02_WIN2": 0.14013351861639622,
  "THG_2021_R02_THU": -0.11768876851819976,
  "KAD_2021_R02_WIN": 0.20685515527834997,
  "GC_2021_R02_HSC": 0.03505686874596958,
  "RTV_2021_R02_LUZ": 0.2592205257618356,
  "THU_2021_R03_BSV": -0.11696532020946271,
  "LUZ_2021_R03_WIN2": -0.07333289176876367,
  "HSC_2021_R03_THG": 0.10595927276528394,
  "WIN_2021_R03_RTV": 0.019737752736075143,
  "KAD_2021_R03_GC": 0.18804766027717246,
  "THG_2021_R04_KAD": -0.22697433305904757,
  "WIN2_2021_R04_WIN": -0.008373721116983979,
  "BSV_2021_R04_LUZ": 0.11860651540018075,
  "THU_2021_R04_HSC": 0.030042063054868562,
  "RTV_2021_R04_GC": 0.22235667783742052,
  "HSC_2021_R05_BSV": 0.18296805132087968,
  "WIN_2021_R05_LUZ": 0.015392024380754155,
  "KAD_2021_R05_THU": -0.1796866577836554,
  "GC_2021_R05_WIN2": 0.04788212101986011,
  "RTV_2021_R05_THG": 0.1497865683396059,
  "BSV_2021_R06_WIN": 0.018324834718465355,
  "HSC_2021_R06_KAD": -0.11328904212026103,
  "THU_2021_R06_RTV": -0.022271564519534492,
  "WIN2_2021_R06_THG": -0.04709826778503923,
  "LUZ_2021_R06_GC": -0.13076050872902922,
  "RTV_2021_R07_HSC": 0.01870966460911838,
  "THG_2021_R07_LUZ": -0.2255260796640874,
  "KAD_2021_R07_BSV": 0.09393494235135147,
  "GC_2021_R07_WIN": 0.013129365171418605,
  "WIN2_2021_R07_THU": -0.11695625494896794,
  "BSV_2021_R08_GC": 0.007839221254565265,
  "KAD_2021_R08_RTV": -0.047467505892116346,
  "HSC_2021_R08_WIN2": -0.05580696587317946,
  "LUZ_2021_R08_THU": -0.034241759776717506,
  "WIN_2021_R08_THG": -0.0398010708518568,
  "RTV_2021_R09_BSV": 0.2715550737262642,
  "THG_2021_R09_GC": -0.15418457418702136,
  "WIN2_2021_R09_KAD": -0.23201224144395682,
  "LUZ_2021_R09_HSC": -0.013902588115478398,
  "THU_2021_R09_WIN": -0.10562038608039093,
  "KAD_2021_R10_LUZ": 0.038621050809279245,
  "GC_2021_R10_THU": 0.08597759977241415,
  "WIN_2021_R10_HSC": -0.02823575394261002,
  "BSV_2021_R10_THG": 0.11458330016801033,
  "RTV_2021_R10_WIN2": 0.0464515810497903,
  "WIN2_2021_R11_BSV": -0.12730919253886164,
  "THU_2021_R11_THG": -0.1139168682364845,
  "HSC_2021_R11_GC": 0.011552001716491511,
  "LUZ_2021_R11_RTV": -0.11753167160519429,
  "WIN_2021_R11_KAD": 0.08476298812571359,
  "GC_2021_R12_KAD": 0.3031101473545731,
  "RTV_2021_R12_WIN": 0.06272121632033423,
  "BSV_2021_R12_THU": 0.1396067802170653,
  "THG_2021_R12_HSC": -0.153746151045849,
  "WIN2_2021_R12_LUZ": 0.10889758087510182,
  "LUZ_2021_R13_BSV": -0.17474282167682786,
  "WIN_2021_R13_WIN2": -0.08196452443689972,
  "KAD_2021_R13_THG": 0.047222611515886026,
  "GC_2021_R13_RTV": 0.2295512741021054,
  "HSC_2021_R13_THU": 0.07794655470482359,
  "THG_2021_R14_RTV": -0.15005410524593354,
  "THU_2021_R14_KAD": -0.10085503171954191,
  "BSV_2021_R14_HSC": 0.28412609372790354,
  "LUZ_2021_R14_WIN": -0.11627826901563965,
  "WIN2_2021_R14_GC": 0.18311931196318576,
  "WIN_2021_R15_BSV": -0.014561192617650764,
  "KAD_2021_R15_HSC": 0.06511035623948536,
  "GC_2021_R15_LUZ": 0.1303234635098477,
  "RTV_2021_R15_THU": 0.11096928202837919,
  "THG_2021_R15_WIN2": -0.08173339219679088,
  "BSV_2021_R16_KAD": 0.1446334263508643,
  "WIN_2021_R16_GC": 0.05069520234367886,
  "HSC_2021_R16_RTV": 0.18160284976908303,
  "LUZ_2021_R16_THG": -0.11975800862187785,
  "THU_2021_R16_WIN2": -0.1001495695340976,
  "THG_2021_R17_WIN": 0.10593930580342714,
  "THU_2021_R17_LUZ": 0.03474783345446264,
  "GC_2021_R17_BSV": 0.16702086525195814,
  "RTV_2021_R17_KAD": -0.0853587957939771,
  "WIN2_2021_R17_HSC": 0.01818817253499505,
  "BSV_2021_R18_RTV": 0.16794429288181256,
  "GC_2021_R18_THG": 0.06889879417441269,
  "KAD_2021_R18_WIN2": 0.018001453367742837,
  "WIN_2021_R18_THU": 0.03716862085089623,
  "HSC_2021_R18_LUZ": 0.13882173939111042,
  "HSC_2022_R01_WIN": 0.08183065428766367,
  "LUZ_2022_R01_KAD": 0.016608062285040304,
  "THG_2022_R01_BSV": -0.24610846636618922,
  "THU_2022_R01_GC": -0.05793352016031883,
  "WIN2_2022_R01_RTV": 0.051164003808670366,
  "KAD_2022_R02_WIN": 0.3133013688564985,
  "BSV_2022_R02_WIN2": 0.22158644026741192,
  "THG_2022_R02_THU": -0.2331488261820004,
  "GC_2022_R02_HSC": 0.11085323925094004,
  "RTV_2022_R02_LUZ": 0.16345062098351415,
  "THU_2022_R03_BSV": -0.05370711006146878,
  "LUZ_2022_R03_WIN2": -0.10805707292726563,
  "HSC_2022_R03_THG": 0.04076085509579641,
  "WIN_2022_R03_RTV": -0.00533406711415263,
  "KAD_2022_R03_GC": 0.16642318139560186,
  "BSV_2022_R04_LUZ": 0.0872393630398216,
  "WIN2_2022_R04_WIN": 0.06721810238078463,
  "THG_2022_R04_KAD": -0.2623879375973437,
  "RTV_2022_R04_GC": 0.05924720432858721,
  "THU_2022_R04_HSC": 0.03999586556983603,
  "WIN_2022_R05_LUZ": -0.0394873109638012,
  "KAD_2022_R05_THU": 0.013272801535546996,
  "RTV_2022_R05_THG": 0.09783733970569619,
  "GC_2022_R05_WIN2": 0.06806281807411985,
  "HSC_2022_R05_BSV": 0.048954094012786276,
  "BSV_2022_R06_WIN": 0.0648414418349702,
  "HSC_2022_R06_KAD": -0.15674690379917444,
  "LUZ_2022_R06_GC": -0.1471487380775971,
  "THU_2022_R06_RTV": -0.1353453921488572,
  "WIN2_2022_R06_THG": 0.022366544911462394,
  "KAD_2022_R07_BSV": 0.011459629364482082,
  "GC_2022_R07_WIN": -0.04422881376359522,
  "RTV_2022_R07_HSC": 0.059065682959259846,
  "THG_2022_R07_LUZ": -0.1621321806149949,
  "WIN2_2022_R07_THU": -0.05025747415148496,
  "HSC_2022_R08_WIN2": -0.14737151113557767,
  "BSV_2022_R08_GC": 0.1880377755934033,
  "KAD_2022_R08_RTV": 0.007075047922401878,
  "WIN_2022_R08_THG": -0.009932372884601692,
  "LUZ_2022_R08_THU": 0.024001767327131662,
  "THU_2022_R09_WIN": -0.15096178937498683,
  "WIN2_2022_R09_KAD": -0.23013465218245577,
  "LUZ_2022_R09_HSC": 0.07729197691591194,
  "RTV_2022_R09_BSV": 0.1314880372951337,
  "THG_2022_R09_GC": -0.16995348665900212,
  "BSV_2022_R10_THG": 0.22790641578439497,
  "RTV_2022_R10_WIN2": -0.005434334135969832,
  "GC_2022_R10_THU": 0.12660658535685976,
  "KAD_2022_R10_LUZ": -0.05060742740275337,
  "WIN_2022_R10_HSC": -0.1829958750472347,
  "WIN2_2022_R11_BSV": -0.009209254658189336,
  "THU_2022_R11_THG": -0.153709050088977,
  "LUZ_2022_R11_RTV": -0.0588951927635033,
  "HSC_2022_R11_GC": 0.13166392309924324,
  "WIN_2022_R11_KAD": 0.16819179801604467,
  "BSV_2022_R12_THU": 0.10513794097543128,
  "WIN2_2022_R12_LUZ": -0.043194359808822136,
  "THG_2022_R12_HSC": -0.21737804457579868,
  "RTV_2022_R12_WIN": 0.1673730571441392,
  "GC_2022_R12_KAD": 0.20855785966486207,
  "HSC_2022_R13_THU": -0.18151586464893155,
  "WIN_2022_R13_WIN2": -0.016766424791215484,
  "KAD_2022_R13_THG": 0.08515848300437012,
  "GC_2022_R13_RTV": 0.1327179879784538,
  "LUZ_2022_R13_BSV": -0.029994820251259213,
  "THG_2022_R14_RTV": -0.14486753336874048,
  "BSV_2022_R14_HSC": 0.2576150791125936,
  "LUZ_2022_R14_WIN": -0.029341793484836676,
  "THU_2022_R14_KAD": -0.026206298968277086,
  "WIN2_2022_R14_GC": 0.19346067219974816,
  "WIN_2022_R15_BSV": 0.03929448538060343,
  "KAD_2022_R15_HSC": -0.03517644644922169,
  "GC_2022_R15_LUZ": 0.0900618507952966,
  "RTV_2022_R15_THU": 0.07988167376059885,
  "THG_2022_R15_WIN2": -0.10933599191923082,
  "THU_2022_R16_WIN2": -0.17144480887163982,
  "LUZ_2022_R16_THG": -0.0885574205881614,
  "WIN_2022_R16_GC": -0.0022948691443049896,
  "BSV_2022_R16_KAD": 0.2809453498551535,
  "HSC_2022_R16_RTV": 0.09564178846567972,
  "GC_2022_R17_BSV": 0.18282502031989079,
  "THG_2022_R17_WIN": -0.06928009516254341,
  "WIN2_2022_R17_HSC": -0.020491959076411992,
  "THU_2022_R17_LUZ": -0.024915291519655214,
  "RTV_2022_R17_KAD": 0.03460586400354182,
  "BSV_2022_R18_RTV": 0.12720800683183486,
  "GC_2022_R18_THG": 0.11325304700996308,
  "KAD_2022_R18_WIN2": 0.1325801783624968,
  "WIN_2022_R18_THU": 0.06479655186843891,
  "HSC_2022_R18_LUZ": 0.1817926942943474,
  "THG_2023_R01_BSV": -0.12128730086110251,
  "LUZ_2023_R01_KAD": -0.06818398284345695,
  "HSC_2023_R01_WIN": -0.12754528417571576,
  "THU_2023_R01_GC": -0.09044161765476011,