{
  "aic": -324.2738853367663,
  "bic": -291.8880877057809,
  "log_likelihood": 171.13694266838314,
  "coefficients": {
    "opp": 0.10056731846921199,
    "stakes": 0.16881002970075545,
    "weather": -0.028864880636284215,
    "marketing": 0.18901294361298665,
    "ar.L1": 0.9998792493947442,
    "ma.L1": -0.9323990215746648,
    "ar.S.L18": 0.9975302252724696,
    "ma.S.L18": -0.9994798946288401,
    "sigma2": 0.016127713039080775
  },
  "in_sample_mape": 0.15049653302664417,
  "residuals": [
    0.45878428963588636,
    0.0335470761208263,
    -0.06124440210746618,
    0.08653198386917293,
    -0.014109180747668648,
    0.14013351861639622,
    -0.11768876851819976,
    0.20685515527834997,
    0.03505686874596958,
    0.2592205257618356,
    -0.11696532020946271,
    -0.07333289176876367,
    0.10595927276528394,
    0.019737752736075143,
    0.18804766027717246,
    -0.22697433305904757,
    -0.008373721116983979,
    0.11860651540018075,
    0.030042063054868562,
    0.22235667783742052,
    0.18296805132087968,
    0.015392024380754155,
    -0.1796866577836554,
    0.04788212101986011,
    0.1497865683396059,
    0.018324834718465355,
    -0.11328904212026103,
    -0.022271564519534492,
    -0.04709826778503923,
    -0.13076050872902922,
    0.01870966460911838,
    -0.2255260796640874,
    0.09393494235135147,
    0.013129365171418605,
    -0.11695625494896794,
    0.007839221254565265,
    -0.047467505892116346,
    -0.05580696587317946,
    -0.034241759776717506,
    -0.0398010708518568,
    0.2715550737262642,
    -0.15418457418702136,
    -0.23201224144395682,
    -0.013902588115478398,
    -0.10562038608039093,
    0.038621050809279245,
    0.08597759977241415,
    -0.02823575394261002,
    0.11458330016801033,
    0.0464515810497903,
    -0.12730919253886164,
    -0.1139168682364845,
    0.011552001716491511,
    -0.11753167160519429,
    0.08476298812571359,
    0.3031101473545731,
    0.06272121632033423,
    0.1396067802170653,
    -0.153746151045849,
    0.10889758087510182,
    -0.17474282167682786,
    -0.08196452443689972,
    0.047222611515886026,
    0.2295512741021054,
    0.07794655470482359,
    -0.15005410524593354,
    -0.10085503171954191,
    0.28412609372790354,
    -0.11627826901563965,
    0.18311931196318576,
    -0.014561192617650764,
    0.06511035623948536,
    0.1303234635098477,
    0.11096928202837919,
    -0.08173339219679088,
    0.1446334263508643,
    0.05069520234367886,
    0.18160284976908303,
    -0.11975800862187785,
    -0.1001495695340976,
    0.10593930580342714,
    0.03474783345446264,
    0.16702086525195814,
    -0.0853587957939771,
    0.01818817253499505,
    0.16794429288181256,
    0.06889879417441269,
    0.018001453367742837,
    0.03716862085089623,
    0.13882173939111042,
    0.08183065428766367,
    0.016608062285040304,
    -0.24610846636618922,
    -0.05793352016031883,
    0.051164003808670366,
    0.3133013688564985,
    0.22158644026741192,
    -0.2331488261820004,
    0.11085323925094004,
    0.16345062098351415,
    -0.05370711006146878,
    -0.10805707292726563,
    0.04076085509579641,
    -0.00533406711415263,
    0.16642318139560186,
    0.0872393630398216,
    0.06721810238078463,
    -0.2623879375973437,
    0.05924720432858721,
    0.03999586556983603,
    -0.0394873109638012,
    0.013272801535546996,
    0.09783733970569619,
    0.06806281807411985,
    0.048954094012786276,
    0.0648414418349702,
    -0.15674690379917444,
    -0.1471487380775971,
    -0.1353453921488572,
    0.022366544911462394,
    0.011459629364482082,
    -0.04422881376359522,
    0.059065682959259846,
    -0.1621321806149949,
    -0.05025747415148496,
    -0.14737151113557767,
    0.1880377755934033,
    0.007075047922401878,
    -0.009932372884601692,
    0.024001767327131662,
    -0.15096178937498683,
    -0.23013465218245577,
    0.07729197691591194,
    0.1314880372951337,
    -0.16995348665900212,
    0.22790641578439497,
    -0.005434334135969832,
    0.12660658535685976,
    -0.05060742740275337,
    -0.1829958750472347,
    -0.009209254658189336,
    -0.153709050088977,
    -0.0588951927635033,
    0.13166392309924324,
    0.16819179801604467,
    0.10513794097543128,
    -0.043194359808822136,
    -0.21737804457579868,
    0.1673730571441392,
    0.20855785966486207,
    -0.18151586464893155,
    -0.016766424791215484,
    0.08515848300437012,
    0.1327179879784538,
    -0.029994820251259213,
    -0.14486753336874048,
    0.2576150791125936,
    -0.029341793484836676,
    -0.026206298968277086,
    0.19346067219974816,
    0.03929448538060343,
    -0.03517644644922169,
    0.0900618507952966,
    0.07988167376059885,
    -0.10933599191923082,
    -0.17144480887163982,
    -0.0885574205881614,
    -0.0022948691443049896,
    0.2809453498551535,
    0.09564178846567972,
    0.18282502031989079,
    -0.06928009516254341,
    -0.020491959076411992,
    -0.024915291519655214,
    0.03460586400354182,
    0.12720800683183486,
    0.11325304700996308,
    0.1325801783624968,
    0.06479655186843891,
    0.1817926942943474,
    -0.12128730086110251,
    -0.06818398284345695,
    -0.12754528417571576,
    -0.09044161765476011,
    0.012531442106433088,
    0.2100224228077754,
    -0.25668371730188255,
    0.15797321111558427,
    0.2556830111570395,
    0.04893882996156296,
    0.03670186710175327,
    -0.17665773402691798,
    -0.04656692090109016,
    0.02129536829563916,
    0.09984822683729377,
    0.3179782992460103,
    0.06207215331546434,
    -0.21327856941804457,
    -0.004716024670233576,
    -0.08375372907505685,
    0.114611218305668,
    -0.10039709968327293,
    -0.03695048582505345,
    0.09883235227001397,
    -0.04731918842112115,
    0.1421760956011412,
    0.0070588236947043415,
    -0.02053337472945138,
    -0.16691420948896385,
    -0.08213146110792358,
    0.10018294499369607,
    0.01670711047129747,
    0.12204300123941825,
    -0.16196666827377776,
    -0.1208903431509144,
    0.08779524388815174,
    -0.0933100686914119,
    -0.016494057466721612,
    -0.09367667571524807,
    0.1286445111491843,
    0.08642581488374779,
    -0.22067997066060374,
    -0.03504849864653525,
    -0.12808683844696922,
    0.0752486692793709,
    -0.051959863915216564,
    0.1588843014339112,
    -0.0032822217257846287,
    0.11637216130314443,
    0.12857009903655625,
    -0.24049561570249234,
    -0.053935419728872724,
    -0.08369915424042407,
    -0.04141402138393069,
    -0.22482890844521958,
    -0.1862194905599308,
    0.18535981433313542,
    -0.11744669383571715,
    0.12382616681891534,
    0.1253106159341525,
    -0.1059216981395279,
    -0.025414971760094884,
    0.027446254089636746,
    -0.07164871119691163,
    0.12751702471153736,
    0.2820646637788391,
    -0.04624864400253059,
    -0.07004839871721968,
    0.20433163093977946,
    -0.1637663420818113,
    0.12056434871980681,
    -0.10857754776267636,
    0.10569467110330832,
    0.04062800759856777,
    -0.0572266423694856,
    0.07570799758273838,
    0.166023549093268,
    0.10041667370798757,
    -0.20001413212011798,
    -0.04274010138453466,
    0.08020618026652615,
    0.20378036823982282,
    0.00168758634270616,
    -0.10226937995489038,
    0.1438697745864974,
    0.032202265316769396,
    0.09048157862480843,
    0.09453483643573424,
    0.008168110785367277,
    -0.03627922788978721
  ]
}