{
  "LUZ_2021_R01_KAD": 0.47235506691716667,
  "THG_2021_R01_BSV": -0.08546992799982955,
  "WIN2_2021_R01_RTV": 0.49812318686092505,
  "THU_2021_R01_GC": -0.11872820875027479,
  "HSC_2021_R01_WIN": 0.05802600208564512,
  "RTV_2021_R02_LUZ": -0.09293478387158272,
  "THG_2021_R02_THU": -0.022724080772718203,
  "GC_2021_R02_HSC": 0.21914727895532338,
  "BSV_2021_R02_WIN2": 0.6781350026285593,
  "KAD_2021_R02_WIN": 0.7685053099704409,
  "THU_2021_R03_BSV": -0.09077331020096668,
  "LUZ_2021_R03_WIN2": 0.16344329352967052,
  "HSC_2021_R03_THG": -0.08999063048612921,
  "WIN_2021_R03_RTV": -0.09900602767671984,
  "KAD_2021_R03_GC": -0.012040278153708783,
  "RTV_2021_R04_GC": 0.08551225338397295,
  "THG_2021_R04_KAD": -0.15912015312970856,
  "BSV_2021_R04_LUZ": 0.019330601840775063,
  "WIN2_2021_R04_WIN": 0.09522123887892875,
  "THU_2021_R04_HSC": 0.18258545283008754,
  "HSC_2021_R05_BSV": -0.11441087313227172,
  "WIN_2021_R05_LUZ": 0.008237304737230222,
  "KAD_2021_R05_THU": -0.16417403446585932,
  "GC_2021_R05_WIN2": -0.12436984902595538,
  "RTV_2021_R05_THG": -0.04870320448333543,
  "WIN2_2021_R06_THG": 0.04675854245720196,
  "BSV_2021_R06_WIN": -0.07390423959127235,
  "HSC_2021_R06_KAD": 0.10371557975573686,
  "LUZ_2021_R06_GC": -0.031893517870146826,
  "THU_2021_R06_RTV": -0.18943312225218834,
  "WIN2_2021_R07_THU": -0.08690474507977453,
  "RTV_2021_R07_HSC": -0.08615495918942762,
  "KAD_2021_R07_BSV": -0.06926166202490192,
  "GC_2021_R07_WIN": -0.33014003652467605,
  "THG_2021_R07_LUZ": 0.1430153706523511,
  "WIN_2021_R08_THG": 0.15994204901175701,
  "BSV_2021_R08_GC": 0.010318468159488225,
  "HSC_2021_R08_WIN2": -0.07841701184052963,
  "LUZ_2021_R08_THU": 0.018775784351977243,
  "KAD_2021_R08_RTV": -0.013009849636835602,
  "RTV_2021_R09_BSV": 0.12707259670955517,
  "THG_2021_R09_GC": -0.252745563342418,
  "THU_2021_R09_WIN": -0.12859214159450255,
  "WIN2_2021_R09_KAD": -0.04056434782236917,
  "LUZ_2021_R09_HSC": 0.03993150938465895,
  "KAD_2021_R10_LUZ": 0.07956293998763597,
  "WIN_2021_R10_HSC": -0.25185861674733434,
  "RTV_2021_R10_WIN2": 0.14493392862735344,
  "BSV_2021_R10_THG": -0.0834738916526444,
  "GC_2021_R10_THU": 0.18508404975003095,
  "LUZ_2021_R11_RTV": -0.11749129348532006,
  "WIN2_2021_R11_BSV": -0.07157596815166001,
  "THU_2021_R11_THG": 0.04893854514071616,
  "WIN_2021_R11_KAD": -0.022715030384362733,
  "HSC_2021_R11_GC": -0.06014714675010979,
  "BSV_2021_R12_THU": 0.1429471623524825,
  "WIN2_2021_R12_LUZ": 0.06361968667005258,
  "THG_2021_R12_HSC": 0.10211425919301731,
  "RTV_2021_R12_WIN": -0.1082403977932691,
  "GC_2021_R12_KAD": 0.1794094342424003,
  "KAD_2021_R13_THG": 0.15124378819399764,
  "WIN_2021_R13_WIN2": 0.06212943624481854,
  "GC_2021_R13_RTV": 0.37656300454550373,
  "LUZ_2021_R13_BSV": 0.06920365746426915,
  "HSC_2021_R13_THU": -0.16539940836814482,
  "WIN2_2021_R14_GC": 0.0801212373371758,
  "LUZ_2021_R14_WIN": -0.05196573256891068,
  "THU_2021_R14_KAD": -0.1347739621876317,
  "BSV_2021_R14_HSC": 0.10952001427370495,
  "THG_2021_R14_RTV": -0.018832696011132688,
  "WIN_2021_R15_BSV": -0.007518319269772089,
  "GC_2021_R15_LUZ": 0.22523373864375895,
  "RTV_2021_R15_THU": -0.08114267621790683,
  "KAD_2021_R15_HSC": -0.09571433786327166,
  "THG_2021_R15_WIN2": 0.09649163085342716,
  "WIN_2021_R16_GC": -0.23502573668557525,
  "HSC_2021_R16_RTV": -0.2558816853219199,
  "THU_2021_R16_WIN2": -0.06205280150738346,
  "BSV_2021_R16_KAD": -0.05105889014476428,
  "LUZ_2021_R16_THG": 0.07757663152664035,
  "THU_2021_R17_LUZ": 0.021713386362269105,
  "THG_2021_R17_WIN": -0.0138145060119087,
  "GC_2021_R17_BSV": -0.34419159676329447,
  "RTV_2021_R17_KAD": -0.18056121578630058,
  "WIN2_2021_R17_HSC": 0.063895748929226,
  "KAD_2021_R18_WIN2": 0.01254594316981894,
  "WIN_2021_R18_THU": 0.39325041222589263,
  "HSC_2021_R18_LUZ": 0.14482758013649244,
  "BSV_2021_R18_RTV": 0.04987429435125579,
  "GC_2021_R18_THG": 0.17418074919975324,
  "THG_2022_R01_BSV": 0.03684640621763369,
  "WIN2_2022_R01_RTV": 0.05658267331456579,
  "THU_2022_R01_GC": 0.10642549961040049,
  "LUZ_2022_R01_KAD": 0.026852793808382347,
  "HSC_2022_R01_WIN": 0.21075798381919286,
  "THG_2022_R02_THU": -0.07456744163052759,
  "KAD_2022_R02_WIN": 0.17628616075562076,
  "BSV_2022_R02_WIN2": 0.078875441329608,
  "GC_2022_R02_HSC": 0.20282856323833243,
  "RTV_2022_R02_LUZ": 0.1647067976616624,
  "THU_2022_R03_BSV": -0.11991034445598403,
  "LUZ_2022_R03_WIN2": 0.05837402357350685,
  "HSC_2022_R03_THG": 0.3740874289078506,
  "WIN_2022_R03_RTV": -0.2933780880431651,
  "KAD_2022_R03_GC": -0.0783910538016881,
  "THU_2022_R04_HSC": 0.10554358881192472,
  "BSV_2022_R04_LUZ": -0.009866020081426452,
  "WIN2_2022_R04_WIN": 0.04310527273760689,
  "THG_2022_R04_KAD": 0.2731443081930021,
  "RTV_2022_R04_GC": -0.06683360685231499,
  "GC_2022_R05_WIN2": -0.2108938803646898,
  "KAD_2022_R05_THU": -0.09230679393902519,
  "RTV_2022_R05_THG": 0.1008830366804977,
  "HSC_2022_R05_BSV": -0.2122983227477282,
  "WIN_2022_R05_LUZ": 0.4827058505344477,
  "BSV_2022_R06_WIN": -0.13720793984445534,
  "HSC_2022_R06_KAD": 0.08632531378019448,
  "LUZ_2022_R06_GC": 0.061807080097224576,
  "THU_2022_R06_RTV": 0.04642457327334226,
  "WIN2_2022_R06_THG": -0.09916577013381911,
  "WIN2_2022_R07_THU": 0.029582986621793372,
  "THG_2022_R07_LUZ": 0.03391176160321574,
  "GC_2022_R07_WIN": 0.036862402833691243,
  "KAD_2022_R07_BSV": 0.09021165154759525,
  "RTV_2022_R07_HSC": -0.12152478713623704,
  "WIN_2022_R08_THG": 0.0872017098345621,
  "HSC_2022_R08_WIN2": 0.16874217781240175,
  "LUZ_2022_R08_THU": 0.003527559226781385,
  "BSV_2022_R08_GC": 0.056137948578736996,
  "KAD_2022_R08_RTV": 0.06833410996164546,
  "THU_2022_R09_WIN": 0.27385483707889113,
  "WIN2_2022_R09_KAD": 0.01019010418813815,
  "LUZ_2022_R09_HSC": 0.06776202439093848,
  "RTV_2022_R09_BSV": -0.11322474119435233,
  "THG_2022_R09_GC": -0.09188828478128597,
  "BSV_2022_R10_THG": 0.11934444653817988,
  "RTV_2022_R10_WIN2": 0.025640560200463236,
  "GC_2022_R10_THU": 0.17864612918724432,
  "WIN_2022_R10_HSC": -0.02435825610645892,
  "KAD_2022_R10_LUZ": -0.07840260903177232,
  "THU_2022_R11_THG": -0.1264280994133541,
  "HSC_2022_R11_GC": -0.04142847173705244,
  "WIN_2022_R11_KAD": 0.45187731083891775,
  "WIN2_2022_R11_BSV": -0.0608356249011085,
  "LUZ_2022_R11_RTV": -0.08035123194260352,
  "BSV_2022_R12_THU": -0.09354846644201364,
  "WIN2_2022_R12_LUZ": 0.09092185515096435,
  "THG_2022_R12_HSC": 0.0011778902637880062,
  "RTV_2022_R12_WIN": -0.2977515671655043,
  "GC_2022_R12_KAD": 0.24384514016311432,
  "GC_2022_R13_RTV": -0.30184546625169695,
  "KAD_2022_R13_THG": 0.12415646247276724,
  "LUZ_2022_R13_BSV": 0.1263417537614795,
  "WIN_2022_R13_WIN2": -0.12476740305649392,
  "HSC_2022_R13_THU": 0.275776047459741,
  "THG_2022_R14_RTV": -0.09675298397188503,
  "BSV_2022_R14_HSC": 0.10624752541165794,
  "LUZ_2022_R14_WIN": -0.18438100449133887,
  "THU_2022_R14_KAD": -0.10471298717391953,
  "WIN2_2022_R14_GC": 0.12342794629208609,
  "THG_2022_R15_WIN2": 0.08180118842063067,
  "WIN_2022_R15_BSV": -0.07863825739366415,
  "KAD_2022_R15_HSC": -0.020093886979447584,
  "GC_2022_R15_LUZ": -0.10765235911509108,
  "RTV_2022_R15_THU": 0.038080458846390663,
  "HSC_2022_R16_RTV": 0.0017178004190319118,
  "THU_2022_R16_WIN2": 0.062022815928200026,
  "LUZ_2022_R16_THG": 0.03499941006664242,
  "BSV_2022_R16_KAD": -0.08780774871948738,
  "WIN_2022_R16_GC": 0.2480611997203086,
  "THU_2022_R17_LUZ": 0.2510974853676962,
  "GC_2022_R17_BSV": -0.1576785631376656,
  "RTV_2022_R17_KAD": 0.2095468576347157,
  "THG_2022_R17_WIN": 0.058618343765869385,
  "WIN2_2022_R17_HSC": -0.010084576554088232,
  "HSC_2022_R18_LUZ": -0.0062404655655941,
  "WIN_2022_R18_THU": 0.26251661869234755,
  "BSV_2022_R18_RTV": 0.03770310780707842,
  "GC_2022_R18_THG": 0.182827716738879,
  "KAD_2022_R18_WIN2": -0.002207568875764343,
  "LUZ_2023_R01_KAD": -0.006624657833944503,
  "THG_2023_R01_BSV": 0.18424901063583154,
  "THU_2023_R01_GC": 0.23288723228638253,
  "HSC_2023_R01_WIN": 0.25328657820492617,