{
  "LUZ": {
    "n_anomalies": 2,
    "seasonal_amplitude": 0.25914289238720717
  },
  "THG": {
    "n_anomalies": 2,
    "seasonal_amplitude": 0.48526075696465054
  },
  "WIN2": {
    "n_anomalies": 3,
    "seasonal_amplitude": 0.5928715457805409
  },
  "THU": {
    "n_anomalies": 2,
    "seasonal_amplitude": 0.43019565213064404
  },
  "HSC": {
    "n_anomalies": 4,
    "seasonal_amplitude": 0.40235948367899943
  },
  "RTV": {
    "n_anomalies": 3,
    "seasonal_amplitude": 0.3769445051898246
  },
  "GC": {
    "n_anomalies": 4,
    "seasonal_amplitude": 0.38256527865314904
  },
  "BSV": {
    "n_anomalies": 2,
    "seasonal_amplitude": 0.43185253710390864
  },
  "KAD": {
    "n_anomalies": 2,
    "seasonal_amplitude": 0.5055339047927535
  },
  "WIN": {
    "n_anomalies": 3,
    "seasonal_amplitude": 0.5714655357576748
  }
}