{
  "zone_price_bounds": {
    "Standing": {
      "floor": 12,
      "median": 22,
      "ceiling": 32,
      "p10": 12.0,
      "p25": 17.0,
      "p50": 22.0,
      "p75": 27.0,
      "p90": 32.0,
      "governance_override_applied": true
    },
    "Upper Standard": {
      "floor": 21,
      "median": 27,
      "ceiling": 61,
      "p10": 20.541659339270087,
      "p25": 22.574133359501328,
      "p50": 27.25162306792138,
      "p75": 38.6945082588037,
      "p90": 60.77772628697617,
      "governance_override_applied": false
    },
    "Lower Bowl / Club Seats": {
      "floor": 23,
      "median": 39,
      "ceiling": 109,
      "p10": 23.421651207667267,
      "p25": 28.191693498719438,
      "p50": 39.064774660979324,
      "p75": 73.52396271114506,
      "p90": 108.68566447107531,
      "governance_override_applied": false
    },
    "Courtside VIP": {
      "floor": 25,
      "median": 44,
      "ceiling": 146,
      "p10": 24.82135159581018,
      "p25": 31.107413898722,
      "p50": 44.495331055640776,
      "p75": 85.85777240986025,
      "p90": 145.85971220950978,
      "governance_override_applied": false
    }
  },
  "attribute_wtp": {
    "opponent_competitive": {
      "mean": 20.056959907894377,
      "p10": 2.979036060642618,
      "p25": 5.758620883051139,
      "p50": 11.285889458970153,
      "p75": 27.59737607620132,
      "p90": 49.67419748295817
    },
    "opponent_elite": {
      "mean": 42.84333653910539,
      "p10": 6.54645970879425,
      "p25": 11.39840482926044,
      "p50": 23.01500572925123,
      "p75": 60.024397285453276,
      "p90": 107.03039356642833
    },
    "stakes_playoff": {
      "mean": 28.020973100836116,
      "p10": 4.354788315953552,
      "p25": 7.8750658011827595,
      "p50": 17.308082460663794,
      "p75": 37.70945223574185,
      "p90": 63.674647749263244
    },
    "stakes_final": {
      "mean": 55.946653304048866,
      "p10": 8.485041766477519,
      "p25": 14.93751327498791,
      "p50": 30.978425515906594,
      "p75": 79.50888717534983,
      "p90": 139.81672961946512
    },
    "bundle_sbb": {
      "mean": 20.975043855722095,
      "p10": 3.1644883000247495,
      "p25": 5.907514881120989,
      "p50": 12.060795153158573,
      "p75": 26.650476169900738,
      "p90": 53.26284170193983
    },
    "bundle_sbb_food": {
      "mean": 35.11063861358881,
      "p10": 4.632317384302857,
      "p25": 9.620918871857171,
      "p50": 19.348601192932247,
      "p75": 50.65219384092576,
      "p90": 91.38298290122543
    },
    "star_uncertain": {
      "mean": 11.142825296301549,
      "p10": 1.638717810622208,
      "p25": 2.9978833469827846,
      "p50": 6.537191923569777,
      "p75": 14.72374043185037,
      "p90": 28.316317199779483
    },
    "star_confirmed": {
      "mean": 29.429368877092347,
      "p10": 4.671717764918464,
      "p25": 8.469775775816071,
      "p50": 17.134615471801872,
      "p75": 43.10450668087414,
      "p90": 71.96653652651226
    },
    "kickoff_sat_afternoon": {
      "mean": 14.164416608518515,
      "p10": 1.6297891252803405,
      "p25": 3.5115488933005654,
      "p50": 7.4570139551553,
      "p75": 19.160543388171114,
      "p90": 34.326410755930794
    },
    "kickoff_sat_evening": {
      "mean": 21.69882804821725,
      "p10": 3.3368160187758793,
      "p25": 6.129089489469614,
      "p50": 12.410497847233794,
      "p75": 30.410570246963086,
      "p90": 52.336323542872506
    }
  },
  "n_respondents_used": 303,
  "mnl_log_likelihood": -1689.2104359379193
}